usah,
terpengaruh,
untuk,
menjatuhkan,
kerajaan,
borneo,
langkau,
utama,
april,
sarawak,
nasional,
iban,
ekonomi,
rencana,
kolum,
sinihalaman,
tahniah,
menyampaikan,
penyertaan,
kepada,
kumpulan,
menghadiri,
disaksikan,
semalam,
bebuling,
lapangan,
terbang,
landasan,
pendek,
bernilai,
juta,
dibatalkan,
sekiranya,
pembangkang,
mengambil,
alih,
tampuk,
kepimpinan,
nege,
ri,
timbalan,
ketua,
datuk,
embas,
dalam,
kenyataan,
sini,
menyatakan,
calon,
berhasrat,
bertanding,
bukit,
telah,
bercakap,
mengenai,
perkara,
tersebut,
ceramah,
rumah,
panjang,
situ,
ini,
adalah,
contoh,
bagaimana,
pihak,
mengerjakan,
dimahukan,
mereka,
pembangunan,
penting,
akan,
gunakan,
sebagai,
wakil,
sebenarnya,
membunuh,
impian,
keperluan,
mahu,
hadapan,
katanya,
ketika,
merasmikan,
majlis,
komuniti,
agri,
jabatan,
pertanian,
engkerbai,
kini,
dijalankan,
seluruh,
negeri,
menjalin,
hubungan,
rapat,
dengan,
perkumpulan,
luar,
berkata,
berperanan,
menjadi,
kemudahan,
pengangkutan,
menghantar,
singkat,
menjamin,
kesegarannya,
berkenaan,
diluluskan,
abang,
openg,
merupakan,
hadiah,
istimewa,
buat,
ujarnya,
diperlukan,
sebahagian,
daripada,
sadok,
kawasan,
makanan,
mukah,
berskala,
membantu,
mengukuhkan,
pengeluar,
menjelang,
pada,
memberi,
ramai,
menaik,
kehidupan,
tambahnya,
lagi,
antara,
pedalaman,
dijadikan,
sasaran,
mahukan,
kesan,
kesejahteraan,
kemajuan,
hanya,
dilihat,
pilihan,
sudah,
hampir,
tiba,
datang,
mencari,
menyebarkan,
pembohongan,
kemudian,
hilang,
selepas,
fitnah,
tidak,
berjaya,
kata,
gps,
sentiasa,
berada,
setiap,
bersedia,
berkhidmat,
sebagaimana,
diikrarkan,
bukan,
semata,
mata,
beliau,
turut,
mengingatkan,
bahawa,
mengatur,
pelbagai,
bawah,
dana,
berjumlah,
memperke,
nalkan,
baharu,
menjadikan,
pekerjaan,
faedah,
menubuhkan,
lebih,
banyak,
agro,
pusat,
pengumpulan,
memproses,
mempakej,
mengukuh,
jelasnya,
meluluskan,
pembinaan,
terbabit,
termasuk,
mengelolakan,
kemasyarakatan,
sebelum,
itu,
pegawai,
bahagian,
peserta,
menyertai,
perusahaan,
kelapa,
lada,
hitam,
diadakan,
terdekat,
hadir,
ialah,
pengarah,
setiausaha,
dr,
rapu,
friday,
kategory,
google,
suka,
teruskan,
usaha,
perdamaian,
psb,
kebaikan,
cina,
gambar,
berharap,
khasnya,
tetapi,
sependapat,
dengannya,
mengulas,
koh,
terhadap,
isnin,
dasarnya,
sejak,
berlaku,
perpecahan,
menurutnya,
berpecah,
pucuk,
bn,
memutuskan,
masalah,
harus,
diselesaikan,
berbalah,
dasar,
campur,
tangan,
dalaman,
ahlinya,
dipecat,
dikekalkan,
keterangkuman,
perpaduan,
kalangan,
penglibatan,
kaum,
hari,
juga,
pengerusi,
bagaimanapun,
berlarutan,
sehingga,
allahyarham,
adenan,
tok,
menambah,
dibenarkan,
menggunakan,
simbol,
umum,
menunjukkan,
jelas,
hasrat,
menyatukan,
pendaftaran,
pendaftar,
pertubuhan,
apabila,
dibentuk,
dikenali,
boleh,
bekerjasama,
mendedahkan,
mengarahkan,
pelancaran,
seterusnya,
penjenamaan,
semula,
diteruskan,
mengekalkan,
bertujuan,
berdamai,
malangnya,
secara,
atau,
sebaliknya,
mengikat,
walaupun,
mengetahui,
tindakan,
menjejaskan,
kerja,
berpasukan,
mempunyai,
bertentangan,
berdasarkan,
terkini,
membuktikan,
berminat,
menentang,
berpuas,
hati,
meminta,
masyarakat,
pemimpin,
selebihnya,
terserah,
menilai,
menerusi,
akhbar,
membidas,
pesaka,
pbb,
sabtu,
langsung,
menyelar,
bermasalah,
memainkan,
peranan,
penubuhan,
undangan,
assan,
meletak,
jawatan,
kabinet,
mendesak,
rombakan,
dilakukan,
menyingkirkan,
dinobat,
kelahiran,
membuat,
bangga,
meraih,
gelaran,
tahun,
setelah,
menewaskan,
gadis,
berusia,
dinobatkan,
dihakimi,
pelakon,
hans,
deborah,
pereka,
ong,
tempat,
jatuh,
chong,
diikuti,
ketiga,
keempat,
masing,
dimenangi,
serena,
verma,
kemuncak,
disiarkan,
talian,
laman,
sesawang,
rasmi,
pertandingan,
membeli,
tiket,
tontonan,
menyaksikan,
melalui,
peringkat,
penilaian,
pertunjukan,
pakaian,
renang,
soal,
mc,
bekerja,
perhubungan,
awam,
pemasaran,
lumpur,
tampil,
wawancara,
bersama,
keturunan,
berasal,
asap,
ibunya,
japok,
jika,
ingin,
bertemu,
idolanya,
dermawan,
winfrey,
bekas,
wanita,
pertama,
syarikat,
obama,
tahu,
fikiran,
rasanya,
inspirasi,
menonton,
rancangan,
bahkan,
menangis,
kanak,
tersenyum,
gembira,
melihat,
membesar,
keluarga,
pergi,
sekolah,
mendapatkan,
sepatutnya,
perasaan,
memuaskan,
sukar,
gambarkan,
ia,
dikatakan,
menakjubkan,
keajaiban,
seperti,
giat,
adakan,
kesedaran,
larangan,
pembakaran,
terbuka,
sebar,
mengadakan,
risalah,
sepanjang,
kering,
bermula,
alam,
sekitar,
cawangan,
mohamad,
sedang,
kekerapan,
menjalankan,
tugas,
meronda,
sering,
terbakar,
khususnya,
gambut,
matlamat,
rondaan,
pencegahan,
memberikan,
menyeru,
menyerahkan,
kempen,
berkebun,
beriadah,
berkelah,
golongan,
dilawati,
pegawainya,
pekerja,
eastwood,
tembikai,
batu,
tepi,
jalan,
berterusan,
supaya,
bebas,
mengakibatkan,
jerebu,
memastikan,
panas,
menghadapi,
kekangan,
sumber,
tenaga,
terhad,
kerjasama,
agensi,
termasuklah,
lembaga,
asli,
nreb,
pejabat,
daerah,
penyelamat,
pengairan,
saliran,
geosains,
sukarelawan,
terlibat,
kebakaran,
udara,
terpelihara,
sekat,
semasa,
berucap,
penyerahan,
persatuan,
bidayuh,
menghalang,
melebarkan,
sayapnya,
berpangkalan,
memahami,
sebaik,
sendiri,
benarkan,
terbaik,
sebab,
lindungi,
demikian,
serbaguna,
kompleks,
perkembangan,
mampu,
mencapai,
termaju,
segi,
percaya,
muncul,
tambahan,
pendapatan,
jualan,
petronas,
meningkatkan,
dedahkan,
bertuah,
pemimpinnya,
sebuah,
pasukan,
bergerak,
meskipun,
melayu,
majoriti,
namun,
agnes,
tugong,
pertahan,
dipertahankan,
naib,
michael,
dijangka,
berlangsung,
tiada,
perlu,
diselindungkan,
justeru,
kelak,
terutama,
menunaikan,
tanggungjawab,
mengundi,
berjaga,
menjaga,
pertahankan,
hingga,
bermakna,
benar,
berterima,
kasih,
kepad,
beras,
jangan,
lihat,
lihatlah,
penyelidikan,
penasihat,
menekankan,
kecil,
jumlahnya,
cukup,
kuat,
bersaing,
biru,
tarat,
kedup,
disandang,
manakala,
dimiliki,
penyandangnya,
ranum,
jinep,
demokratik,
pdp,
simuh,
roland,
sagah,
jerip,
susil,
john,
ilus,
amalkan,
sikap,
toleransi,
sumbangan,
wahab,
cek,
krian,
kelmarin,
kalaka,
mengamalkan,
semangat,
berbilang,
kekal,
utuh,
suasana,
seumpama,
pembentukan,
harmoni,
menghormati,
aspek,
anggota,
amanan,
dikecapi,
sekarang,
berkekalan,
terlalu,
bersikap,
sedemikian,
dibimbangi,
memecahkan,
dibina,
sekian,
sejumlah,
dekat,
kepercayaan,
tradisi,
hidup,
maj,
muk,
terdiri,
islam,
saling,
hormat,
bersyukur,
keagamaan,
terbukti,
masya,
rakat,
berkumpul,
memusuhi,
biarlah,
beragama,
mengikut,
panduan,
sambil,
samalah,
kaunselor,
khairul,
kepu,
gelandangan,
mesra,
beramah,
seorang,
menerima,
perkhidmatan,
gunting,
rambut,
percuma,
kebajikan,
bersetuju,
memperuntukkan,
mengubah,
suai,
ditubuhkan,
menempatkan,
jumlah,
purata,
dikenal,
pasti,
tempoh,
persinggahan,
membersihkan,
makan,
tidur,
siangnya,
keluar,
urusan,
pengubahsuaian,
secepat,
mungkin,
beroperasi,
waktu,
terdahulu,
melawat,
berfungsi,
menyediakan,
menumpang,
selain,
khidmat,
saringan,
kesihatan,
ujian,
pengesanan,
penyalahgunaan,
terlarang,
bantuan,
rujukan,
berkaitan,
operasi,
diurus,
dilantik,
kementerian,
jawatankuasa,
penyelarasan,
pemantauan,
jppsb,
amal,
mengurus,
menampung,
sabit,
pbsm,
jci,
brooke,
chinese,
individu,
bermurah,
menyumbang,
kementeriannya,
merancang,
dipengerusikan,
menyokong,
menikmati,
dinaik,
semakin,
sesak,
berbaris,
keadaan,
terpaksa,
rawatan,
diharap,
mempertimbangkan,
pkr,
inisiatif,
wajar,
disegerakan,
berikutan,
bersesuaian,
menangani,
kesesakan,
pesakit,
populasi,
penduduk,
meningkat,
kebelakangan,
memerlukan,
berhampiran,
biarkan,
keselesaan,
diambil,
kira,
menurut,
peningkatan,
ketara,
bilangan,
ujar,
menyebabkan,
ketidaksele,
saan,
tekanan,
kakitangan,
bertugas,
sehubungan,
mencadangkan,
memperbesarkan,
menunggu,
doktor,
farmasi,
pengalaman,
gili,
persekitaran,
selesa,
peruntukan,
sebaiknya,
tengah,
lima,
merakam,
kenangan,
sengan,
diingatkan,
disalurkan,
seri,
diberikan,
keselamatan,
hendaklah,
digunakan,
manfaat,
diselewengkan,
tujuan,
mendapati,
menyalahgunakan,
maka,
teragak,
agak,
menyenaraihitamkan,
beli,
tolong,
anjuran,
merangkap,
tetamu,
jemputan,
khas,
perdana,
menegaskan,
memfokuskan,
pihaknya,
ditender,
kontraktor,
dilaksanakan,
gotong,
royong,
cara,
melibatkan,
berkurangan,
kosnya,
baik,
berjumpa,
mengalu,
alukan,
mengemukakan,
permohonan,
tegas,
menyalurkan,
kediaman,
sempurna,
ucapannya,
masih,
belum,
memiliki,
membuka,
segera,
sebanyak,
keseluruhannya,
fasa,
tertentu,
zacchaeus,
komited,
terjejas,
gira,
memegang,
perasmian,
wabak,
selangau,
kawalan,
pergerakan,
susulan,
penularan,
tamin,
sambang,
membelanjakan,
kelompok,
ketinggalan,
memberitahu,
ditonjolkan,
persekutuan,
berusaha,
akibat,
pelaksanaan,
dianjurkan,
mdlbs,
seramai,
diagihkan,
merakamkan,
penghargaan,
membekalkan,
petugas,
frontliner,
hijau,
kukuhkan,
patriotik,
mengibarkan,
gemilang,
julau,
sarikei,
detik,
peristiwa,
bersejarah,
diingati,
kebanggaan,
william,
maknanya,
menghargainya,
kemungkinan,
tergugat,
mempertahankan,
tersendiri,
mengutamakan,
sesama,
janganlah,
indentiti,
dibawa,
mempu,
nyai,
kebebasan,
menyemai,
erti,
kemerdekaan,
berasa,
keterujaan,
ditunjukkan,
diharapkan,
patriotisme,
keamanan,
keharmonian,
terserlah,
sempena,
sambutan,
ihsan,
membina,
pelancongan,
kesenian,
kebudayaan,
tanpa,
sokongan,
dihajati,
dicapai,
jayanya,
inilah,
sebabnya,
menganjurkan,
mengeratkan,
silaturahim,
wujudnya,
erat,
ianya,
memajukan,
suarah,
dihadiri,
pertua,
mahmud,
isteri,
ragad,
bertanggungjawab,
mengecapi,
tahap,
lupa,
bergolek,
berkat,
perjuangan,
lebuhraya,
jambatan,
perindustrian,
lonjakan,
denggi,
mendadak,
peratus,
langkah,
pemilik,
drastik,
mendedahkannya,
laporan,
dicatatkan,
julai,
bimbang,
perbandingan,
kebersihan,
sekeliling,
pembiakan,
aedes,
memeriksa,
lalai,
membiarkan,
ucapan,
alu,
aluan,
tetap,
tempatan,
perumahan,
yong,
pemangku,
nyami,
pemanca,
mengulangi,
gesaannya,
sekitarnya,
bersih,
kebiasaan,
indah,
menggesa,
setempat,
mematuhi,
rantaian,
meninggal,
mendorong,
khusus,
mengekang,
penyebaran,
pentadbiran,
berkuasa,
perniagaan,
melaksanakan,
tanggungjawabnya,
mencegah,
menjangkiti,
anjing,
mengurung,
peliharaan,
jangkitan,
laksana,
lanjutan,
ditemui,
pemberita,
menyambut,
melanjutkan,
pemulihan,
depan,
diumumkan,
yassin,
ikut,
zealand,
kembali,
hw,
perancangan,
memperkenalkan,
sayang,
pakej,
iaitu,
rancang,
awal,
menjangkakan,
lepas,
memandangkan,
berdepan,
pelanjutan,
penguatkuasaan,
pengawalan,
berjangkit,
cadangan,
menaikkan,
kadar,
kompaun,
kesalahan,
sekurang,
kurangnya,
ganda,
diperhalusi,
dipinda,
terlebih,
dahulu,
jurutera,
pengurus,
kadri,
asnaf,
ppd,
peneraju,
membangunkan,
insan,
berpengetahuan,
berkemahiran,
berkeperibadian,
mulia,
sesuailah,
berguru,
bina,
penekanan,
memperkasa,
pengetahuan,
seiring,
falsafah,
kendatipun,
begitu,
diibaratkan,
lilin,
membakar,
dirinya,
menerangi,
mendapani,
onak,
cabaran,
melayan,
kerenah,
muridnya,
meniti,
kian,
berbicara,
tentang,
mengucapkan,
warga,
pencapaian,
membanggakan,
sangat,
keputusan,
peperiksaan,
persekolahan,
stpm,
kejayaan,
mencatat,
senarai,
berprestasi,
cemerlang,
malah,
melakar,
memberangsangkan,
anugerah,
sederap,
kecemerlangan,
berbalik,
membawa,
maksud,
mendalam,
selari,
perkataan,
menggambarkan,
memerangi,
samping,
cakna,
melakukan,
merangkumi,
kelangsungan,
hee,
canselor,
kolej,
profesor,
azlan,
ariffin,
temenggung,
stanley,
nervyn,
petani,
penternak,
nelayan,
dibantu,
pasarkan,
tingkat,
jakaria,
lubok,
limbang,
pemodenan,
wilayah,
memperluaskan,
peranannya,
ismail,
memperkembangkan,
fungsinya,
hasil,
pemprosesan,
pembungkusan,
pendekatan,
bru,
pengeluaran,
diwujudkan,
rambli,
bakar,
majit,
limau,
misalnya,
minuman,
harganya,
mahal,
memilih,
tanaman,
sahaja,
kebetulan,
jenis,
stesen,
buahan,
madu,
berperingkat,
lokasi,
mastura,
alision,
disaksi,
kehormat,
hal,
ehwal,
menitikberatkan,
tunjang,
persatuannya,
memperkukuhkan,
menjelaskan,
ringkas,
kagum,
menterinya,
bercadang,
dipersembahkan,
agong,
disampaikan,
bangunan,
bangunannya,
miriek,
mendapat,
perhatian,
pula,
sids,
graduan,
awang,
hassan,
kekalkan,
dominasi,
tandingi,
kelihatan,
dominasinya,
dipertandingkan,
maklum,
dibangkitkan,
permintaan,
dimenanginya,
manggil,
situasi,
menyuarakan,
menyokongnya,
melepaskan,
pendiriannya,
enggan,
lanjut,
tunggulah,
tradisinya,
sebelumnya,
mengagihkan,
ditandingi,
berakhir,
dibubarkan,
clare,
cinderella,
baiki,
jeti,
usang,
dawi,
pasai,
siap,
dibaiki,
pemuda,
memohon,
berhasil,
menghulurkan,
sumba,
ngan,
binaan,
membaiki,
kecelakaan,
kemalangan,
menimpa,
rosak,
rapuh,
satunya,
memancing,
bertahun,
buruk,
berulang,
membaikinya,
pangkalan,
mengunjungi,
berkemungkinan,
runtuh,
diperbaiki,
rombongan,
diabai,
akhirnya,
dipenuhi,
siapnya,
komprehensif,
lengkap,
pertolongan,
komunikasi,
mewakili,
berhubung,
menyelesaikan,
niat,
berpolitik,
kepadanya,
didengari,
pemeriksaan,
lawatan,
memperoleh,
pemahaman,
esok,
ajak,
ceburi,
kunjungan,
kuam,
mengajak,
menceburi,
menjana,
lumayan,
menumpukan,
menggalakkan,
usahawan,
jadi,
adanya,
disediakan,
gus,
menarik,
minat,
jawankuasa,
diusahakan,
teratur,
pengusaha,
menempa,
lahirkan,
tujuannya,
mempelajari,
teknik,
sistem,
iot,
fertigasi,
kaedah,
memulakan,
mengusahakan,
cempedak,
empurau,
segala,
sdn,
berbentuk,
sindang,
tertinggi,
marlinda,
mardzuki,
beri,
positif,
mengucup,
permulihan,
dilanjutkan,
tentunya,
melandaikan,
keluk,
dilandaikan,
kemuncupan,
akademi,
kesukaran,
disebabkan,
kajian,
perangkaan,
isi,
pulih,
keluaran,
kdnk,
menguncup,
kewangan,
menyuntik,
memulih,
memacu,
suruhanjaya,
manusia,
pengangguran,
melebihi,
menanggung,
dilaksana,
sekatan,
sepenuh,
diberhentikan,
dianggarkan,
mengalami,
kerugian,
ahad,
melaporkan,
saranan,
jangkaan,
sedunia,
mengatakan,
membendung,
melancarkan,
pembudayaan,
dipertimbangkan,
laksanakan,
terkawal,
terpulang,
umumkannya,
bergelut,
mengawal,
sempadan,
dikuatkuasakan,
dijadual,
menggantikan,
bersyarat,
mula,
kelonggaran,
menjalani,
seharian,
sebagainya,
pematuhan,
sepenuhnya,
niaga,
busking,
dobi,
layan,
perikanan,
rekreasi,
kolam,
pancing,
penggambaran,
patricia,
bukti,
kesungguhan,
turun,
libat,
bekalan,
elektrik,
punan,
memperlihatkan,
meme,
nuhi,
tayai,
penyediaan,
berkos,
kluster,
sangan,
menuju,
enjan,
kelancarannya,
disiapkan,
jangka,
ditetapkan,
penyambungan,
pembekalan,
sares,
anap,
pemasangan,
asas,
luluskan,
jeffery,
kiah,
menasihati,
memasang,
pendawaian,
mengelak,
litar,
pintas,
tadbir,
gerosen,
utiliti,
afindi,
paris,
magai,
kinchang,
desak,
tunaikan,
janji,
ncr,
penceramah,
sanusi,
perjanjian,
dihadapi,
diperjuangkan,
serahkan,
bertauliah,
hadapi,
agung,
johnichal,
lintang,
peguam,
bawin,
kepentingan,
terhakis,
seharusnya,
fakta,
teguh,
termaktub,
pernah,
menyoal,
persoalan,
dijawab,
menfailkan,
terhadapnya,
jawapan,
bangkitkan,
jumpa,
selesaikannya,
serius,
menyemak,
mengiktiraf,
menoa,
galau,
terikat,
perubahan,
sampah,
cemarkan,
simbolik,
pujut,
punca,
pencemaran,
sarap,
dibuang,
hanyut,
dikendalikan,
sampai,
adakah,
membuang,
kalau,
buang,
hujan,
bawa,
pembuangan,
menjadikannya,
harian,
rezeki,
pendedahan,
mewarna,
penjagaan,
tersenarai,
tercemar,
imej,
peranginan,
bandaraya,
peniaga,
menguruskan,
berilah,
mencukupi,
membolehkan,
dikenakan,
dikutip,
mengutip,
sebelah,
dimulakan,
berdekatan,
suhaili,
steve,
annuar,
keprihatinan,
huang,
wakilgereja,
metho,
dist,
nyelong,
institusi,
repok,
sii,
tesebut,
transformasi,
keterbukaan,
bijak,
toleran,
tinjauan,
gereja,
rombongannya,
berkunjung,
hodist,
nanti,
berjanji,
sentasa,
penganjuran,
progam,
impak,
penempatan,
mangsa,
diketuai,
banchang,
berteduh,
membersih,
sisa,
berbahaya,
seragam,
musnah,
sabut,
syafiq,
teruja,
taklimat,
madc,
jampong,
prasana,
mustahak,
mengembangkan,
bakat,
benedine,
berfaedah,
membabitkan,
kegunaan,
motivasi,
berguna,
jalinan,
pendidik,
khamis,
unyat,
sejajar,
mendidik,
dewasa,
prasarana,
fungsi,
dididik,
pewaris,
berilmu,
berakhlak,
ibu,
bapa,
mementingkan,
menyedari,
senjata,
ampuh,
menempuh,
pibg,
suatu,
digalak,
sumbang,
balik,
terimalah,
penerima,
arbi,
bekerjaya,
penyampaian,
sedikit,
perbelanjaan,
terdapat,
pinjaman,
dipohon,
antaranya,
mara,
tabung,
sempat,
berpesan,
melunaskan,
bayaran,
setinggi,
sampaikan,
