Usah,
terpengaruh,
untuk,
menjatuhkan,
kerajaan,
Borneo,
Langkau,
utama,
April,
Sarawak,
Nasional,
Iban,
Ekonomi,
Rencana,
Kolum,
siniHalaman,
TAHNIAH,
menyampaikan,
sijil,
penyertaan,
kepada,
kumpulan,
menghadiri,
disaksikan,
semalam,
Projek,
STOLport,
lapangan,
terbang,
landasan,
pendek,
bernilai,
juta,
dibatalkan,
sekiranya,
pembangkang,
mengambil,
alih,
tampuk,
kepimpinan,
nege,
ri,
Timbalan,
Ketua,
Datuk,
Embas,
dalam,
satu,
kenyataan,
sini,
menyatakan,
calon,
berhasrat,
bertanding,
Bukit,
telah,
bercakap,
mengenai,
perkara,
tersebut,
ceramah,
panjang,
situ,
Ini,
adalah,
contoh,
bagaimana,
pihak,
mengerjakan,
dimahukan,
mereka,
pembangunan,
penting,
akan,
gunakan,
sebagai,
wakil,
rakyat,
Mereka,
sebenarnya,
membunuh,
impian,
keperluan,
mahu,
hadapan,
katanya,
ketika,
merasmikan,
Majlis,
Komuniti,
Agri,
Jabatan,
Pertanian,
Rumah,
Engkerbai,
kini,
dijalankan,
seluruh,
negeri,
menjalin,
hubungan,
rapat,
dengan,
perkumpulan,
pertanian,
luar,
berkata,
berperanan,
menjadi,
kemudahan,
pengangkutan,
menghantar,
singkat,
menjamin,
kesegarannya,
berkenaan,
diluluskan,
Abang,
Openg,
merupakan,
hadiah,
istimewa,
buat,
ujarnya,
diperlukan,
sebahagian,
daripada,
Sadok,
kawasan,
Makanan,
Mukah,
berskala,
besar,
membantu,
mengukuhkan,
pengeluar,
makanan,
menjelang,
Pada,
memberi,
ramai,
menaik,
kehidupan,
tambahnya,
lagi,
antara,
pedalaman,
dijadikan,
sasaran,
mahukan,
kesan,
kesejahteraan,
kemajuan,
hanya,
dilihat,
pilihan,
sudah,
hampir,
tiba,
datang,
mencari,
menyebarkan,
pembohongan,
kemudian,
hilang,
selepas,
fitnah,
tidak,
berjaya,
Kata,
Parti,
sentiasa,
berada,
setiap,
bersedia,
berkhidmat,
sebagaimana,
diikrarkan,
bukan,
semata,
mata,
Beliau,
turut,
mengingatkan,
bahawa,
mengatur,
pelbagai,
bawah,
Dana,
berjumlah,
Kita,
memperke,
nalkan,
baharu,
menjadikan,
pekerjaan,
faedah,
menubuhkan,
lebih,
banyak,
agro,
pusat,
pengumpulan,
memproses,
mempakej,
mengukuh,
jelasnya,
meluluskan,
pembinaan,
terbabit,
termasuk,
mengelolakan,
kemasyarakatan,
Sebelum,
itu,
Pegawai,
Bahagian,
peserta,
menyertai,
perusahaan,
kelapa,
lada,
hitam,
diadakan,
terdekat,
ini,
Turut,
hadir,
ialah,
Pengarah,
Negeri,
Setiausaha,
Dr,
Rapu,
Friday,
Kategory,
Google,
Suka,
teruskan,
usaha,
perdamaian,
PSB,
kebaikan,
Cina,
gambar,
beliau,
berharap,
khasnya,
tetapi,
sependapat,
dengannya,
Mengulas,
Koh,
terhadap,
pada,
Isnin,
dasarnya,
sejak,
berlaku,
perpecahan,
Menurutnya,
berpecah,
Pilihan,
pucuk,
BN,
memutuskan,
masalah,
harus,
diselesaikan,
berbalah,
dasar,
gabungan,
campur,
tangan,
dalaman,
ahli,
ahlinya,
dipecat,
dikekalkan,
keterangkuman,
perpaduan,
kalangan,
penglibatan,
kaum,
juga,
Pengerusi,
bagaimanapun,
berlarutan,
sehingga,
Allahyarham,
Adenan,
Tok,
ketua,
menambah,
dibenarkan,
menggunakan,
simbol,
Umum,
menunjukkan,
jelas,
hasrat,
menyatukan,
Pendaftaran,
Pendaftar,
apabila,
dibentuk,
dikenali,
boleh,
bekerjasama,
mendedahkan,
mengarahkan,
majlis,
pelancaran,
seterusnya,
penjenamaan,
semula,
Apabila,
diteruskan,
mengekalkan,
bertujuan,
berdamai,
Malangnya,
secara,
atau,
sebaliknya,
mengikat,
walaupun,
mengetahui,
tindakan,
menjejaskan,
kerja,
berpasukan,
mempunyai,
bertentangan,
berdasarkan,
terkini,
membuktikan,
berminat,
menentang,
berpuas,
hati,
meminta,
masyarakat,
pemimpin,
selebihnya,
terserah,
menilai,
menerusi,
akhbar,
membidas,
Pesaka,
PBB,
Sabtu,
langsung,
menyelar,
bermasalah,
Dalam,
memainkan,
peranan,
penubuhan,
Undangan,
Assan,
meletak,
jawatan,
kabinet,
mendesak,
rombakan,
dilakukan,
menyingkirkan,
dinobat,
Anak,
kelahiran,
Kuching,
membuat,
bangga,
meraih,
gelaran,
tahun,
setelah,
menewaskan,
Gadis,
berusia,
dinobatkan,
dihakimi,
pelakon,
pengarah,
Hans,
Deborah,
pereka,
Ong,
tempat,
jatuh,
Chong,
diikuti,
ketiga,
keempat,
masing,
dimenangi,
Serena,
Verma,
kemuncak,
disiarkan,
talian,
laman,
sesawang,
rasmi,
pertandingan,
membeli,
tiket,
tontonan,
menyaksikan,
melalui,
peringkat,
penilaian,
pertunjukan,
pakaian,
renang,
soal,
MC,
bekerja,
perhubungan,
awam,
pemasaran,
Lumpur,
tampil,
wawancara,
bersama,
keturunan,
berasal,
Asap,
ibunya,
Japok,
jika,
ingin,
bertemu,
idolanya,
dermawan,
Winfrey,
bekas,
Wanita,
Pertama,
Syarikat,
Obama,
tahu,
ada,
fikiran,
rasanya,
wanita,
inspirasi,
menonton,
rancangan,
bahkan,
menangis,
kanak,
tersenyum,
gembira,
Melihat,
membesar,
keluarga,
melihat,
pergi,
sekolah,
mendapatkan,
pendidikan,
sepatutnya,
perasaan,
memuaskan,
sukar,
gambarkan,
Ia,
dikatakan,
Menakjubkan,
keajaiban,
seperti,
kata,
giat,
adakan,
kesedaran,
larangan,
pembakaran,
terbuka,
SEBAR,
mengadakan,
risalah,
MIRI,
Sepanjang,
kering,
bermula,
Alam,
Sekitar,
Cawangan,
Mohamad,
pegawai,
sedang,
kekerapan,
menjalankan,
tugas,
meronda,
sering,
terbakar,
khususnya,
gambut,
Matlamat,
rondaan,
pencegahan,
memberikan,
menyeru,
menyerahkan,
Kempen,
Larangan,
Pembakaran,
Terbuka,
berkebun,
beriadah,
berkelah,
golongan,
dilawati,
pegawainya,
pekerja,
Eastwood,
tembikai,
Batu,
tepi,
jalan,
berterusan,
supaya,
bebas,
mengakibatkan,
jerebu,
memastikan,
panas,
Walaupun,
menghadapi,
kekangan,
sumber,
tenaga,
terhad,
jabatan,
kerjasama,
agensi,
Termasuklah,
Lembaga,
Sumber,
Asli,
NREB,
Pejabat,
Daerah,
Penyelamat,
Pengairan,
Saliran,
Geosains,
Sukarelawan,
terlibat,
kebakaran,
udara,
terpelihara,
sekat,
semasa,
berucap,
Penyerahan,
Asrama,
Persatuan,
Bidayuh,
Gambar,
Kerajaan,
menghalang,
melebarkan,
sayapnya,
berpangkalan,
memahami,
sebaik,
sendiri,
benarkan,
terbaik,
Sebab,
jaga,
bersatu,
lindungi,
demikian,
Serbaguna,
Kompleks,
perkembangan,
mampu,
mencapai,
termaju,
segi,
ekonomi,
percaya,
muncul,
tambahan,
pendapatan,
cukai,
jualan,
Petronas,
meningkatkan,
dedahkan,
dulu,
bertuah,
pemimpinnya,
sebuah,
pasukan,
Jika,
bergerak,
Itu,
Meskipun,
namun,
sebab,
Agnes,
Tugong,
Pertahan,
Lapan,
dipertahankan,
Naib,
Michael,
dijangka,
berlangsung,
tiada,
perlu,
diselindungkan,
Justeru,
kelak,
terutama,
menunaikan,
tanggungjawab,
mengundi,
berjaga,
menjaga,
pertahankan,
hingga,
bermakna,
benar,
berterima,
kasih,
kepad,
padi,
beras,
budi,
Jangan,
lihat,
lihatlah,
Pendidikan,
Sains,
Penyelidikan,
Penasihat,
ia,
menekankan,
kecil,
Katanya,
meskipun,
jumlahnya,
cukup,
kuat,
bersaing,
Biru,
Tarat,
Kedup,
Tujuh,
disandang,
manakala,
dimiliki,
penyandangnya,
Ranum,
Manakala,
Jinep,
Demokratik,
PDP,
Simuh,
Roland,
Sagah,
Jerip,
Susil,
Ilus,
Amalkan,
sikap,
toleransi,
SUMBANGAN,
Wahab,
barisan,
cek,
Krian,
kelmarin,
Kalaka,
mengamalkan,
semangat,
berbilang,
kekal,
utuh,
suasana,
seumpama,
pembentukan,
harmoni,
menghormati,
aspek,
Adalah,
anggota,
amanan,
dikecapi,
sekarang,
berkekalan,
terlalu,
bersikap,
sedemikian,
dibimbangi,
memecahkan,
dibina,
sekian,
negara,
penyerahan,
sejumlah,
dekat,
kepercayaan,
tradisi,
hidup,
maj,
muk,
terdiri,
Islam,
saling,
hormat,
bersyukur,
keagamaan,
terbukti,
masya,
rakat,
berkumpul,
memusuhi,
Biarlah,
beragama,
mengikut,
panduan,
sambil,
samalah,
amalkan,
Hadir,
Kaunselor,
Khairul,
Kepu,
gelandangan,
MESRA,
beramah,
mesra,
seorang,
menerima,
perkhidmatan,
gunting,
rambut,
percuma,
Kebajikan,
Anggota,
Jalan,
Tempat,
Untuk,
Gelandangan,
pertama,
Kesejahteraan,
Keluarga,
Pembangunan,
Kanak,
bersetuju,
memperuntukkan,
mengubah,
suai,
ditubuhkan,
menempatkan,
jumlah,
purata,
dikenal,
pasti,
tempoh,
persinggahan,
membersihkan,
makan,
tidur,
siangnya,
keluar,
urusan,
sidang,
pengubahsuaian,
secepat,
mungkin,
beroperasi,
waktu,
Terdahulu,
melawat,
sumbangan,
Masyarakat,
berfungsi,
menyediakan,
menumpang,
Selain,
khidmat,
saringan,
kesihatan,
ujian,
pengesanan,
penyalahgunaan,
terlarang,
bantuan,
rujukan,
berkaitan,
operasi,
diurus,
pertubuhan,
dilantik,
kementerian,
Jawatankuasa,
Penyelarasan,
Pemantauan,
JPPSB,
Oleh,
Amal,
mengurus,
menampung,
Bulan,
Merah,
Lions,
KRT,
Empawah,
individu,
bermurah,
menyumbang,
kementeriannya,
merancang,
dipengerusikan,
residen,
menyokong,
menikmati,
dinaik,
semakin,
sesak,
BERBARIS,
PANJANG,
Keadaan,
terpaksa,
berbaris,
sebelum,
rawatan,
Kementerian,
Kesihatan,
diharap,
mempertimbangkan,
PKR,
Anchom,
wajar,
disegerakan,
berikutan,
bersesuaian,
menangani,
kesesakan,
pesakit,
populasi,
penduduk,
meningkat,
kebelakangan,
memerlukan,
berhampiran,
biarkan,
keselesaan,
diambil,
kira,
Menurut,
peningkatan,
ketara,
bilangan,
Ujar,
keadaan,
menyebabkan,
ketidaksele,
saan,
tekanan,
kakitangan,
bertugas,
Sehubungan,
mencadangkan,
memperbesarkan,
menunggu,
doktor,
farmasi,
Berdasarkan,
pengalaman,
gili,
persekitaran,
selesa,
peruntukan,
sebaiknya,
AGIH,
DANA,
RAKYAT,
tengah,
lima,
merakam,
kenangan,
tuai,
Pemimpin,
Bersama,
Sengan,
Penduduk,
diingatkan,
disalurkan,
Seri,
diberikan,
Kemajuan,
Keselamatan,
hendaklah,
digunakan,
manfaat,
diselewengkan,
tujuan,
mendapati,
menyalahgunakan,
maka,
teragak,
agak,
menyenaraihitamkan,
beli,
tolong,
Peruntukan,
selain,
anjuran,
Tengah,
merangkap,
tetamu,
jemputan,
duta,
khas,
Perdana,
Republik,
menegaskan,
memfokuskan,
pihaknya,
ditender,
kontraktor,
dilaksanakan,
gotong,
royong,
cara,
melibatkan,
berkurangan,
kosnya,
baik,
berjumpa,
mengalu,
alukan,
pejabat,
mengemukakan,
permohonan,
tegas,
Jelasnya,
menyalurkan,
kediaman,
sempurna,
ucapannya,
masih,
belum,
memiliki,
membuka,
segera,
sebanyak,
keseluruhannya,
Namun,
fasa,
tertentu,
Zacchaeus,
komited,
terjejas,
GOTONG,
ROYONG,
memegang,
perasmian,
Pencegahan,
Wabak,
Gotong,
Royong,
Mega,
Kawalan,
Pergerakan,
susulan,
penularan,
wabak,
Tamin,
Sambang,
membelanjakan,
kelompok,
ketinggalan,
memberitahu,
ditonjolkan,
persekutuan,
berusaha,
kebajikan,
akibat,
pelaksanaan,
dianjurkan,
Luar,
MDLBS,
seramai,
diagihkan,
merakamkan,
penghargaan,
daerah,
membekalkan,
Penghargaan,
petugas,
frontliner,
Hijau,
Kukuhkan,
PATRIOTIK,
mengibarkan,
Gemilang,
Kawasan,
Tayan,
Sarikei,
detik,
peristiwa,
bersejarah,
diingati,
kebanggaan,
William,
maknanya,
menghargainya,
kemungkinan,
tergugat,
Sekiranya,
mempertahankan,
tersendiri,
mengutamakan,
sesama,
janganlah,
indentiti,
dibawa,
Tidak,
mempu,
nyai,
kebebasan,
menyemai,
erti,
kemerdekaan,
berasa,
keterujaan,
ditunjukkan,
diharapkan,
patriotisme,
Terus,
keamanan,
Perpaduan,
keharmonian,
terserlah,
sempena,
sambutan,
ihsan,
Penerangan,
membina,
Pelancongan,
Kesenian,
Kebudayaan,
tanpa,
sokongan,
dihajati,
dicapai,
Mengambil,
Peringkat,
jayanya,
Inilah,
sebabnya,
menganjurkan,
mengeratkan,
silaturahim,
Tanpa,
wujudnya,
erat,
ianya,
memajukan,
Suarah,
dihadiri,
Pertua,
Mahmud,
isteri,
Ragad,
bertanggungjawab,
mengecapi,
tahap,
Bagaimanapun,
jangan,
lupa,
bergolek,
berkat,
perjuangan,
terdahulu,
Banyak,
Lebuhraya,
jambatan,
perindustrian,
lonjakan,
Jumlah,
mendadak,
peratus,
LANGKAH,
PENCEGAHAN,
pemilik,
drastik,
mendedahkannya,
laporan,
Awam,
dicatatkan,
Julai,
bimbang,
perbandingan,
Peningkatan,
kebersihan,
sekeliling,
pembiakan,
aedes,
memeriksa,
lalai,
membiarkan,
ucapan,
alu,
aluan,
Tetap,
Tempatan,
Perumahan,
Yong,
Pemangku,
Nyami,
Pemanca,
mengulangi,
gesaannya,
sekitarnya,
bersih,
kebiasaan,
indah,
menggesa,
setempat,
mematuhi,
rantaian,
meninggal,
dunia,
mendorong,
khusus,
mengekang,
penyebaran,
pentadbiran,
berkuasa,
perniagaan,
tempatan,
Mengenai,
melaksanakan,
tanggungjawabnya,
mencegah,
menjangkiti,
anjing,
mengurung,
peliharaan,
jangkitan,
laksana,
lanjutan,
ditemui,
pemberita,
menyambut,
langkah,
melanjutkan,
Pemulihan,
depan,
diumumkan,
Yassin,
ikut,
Seperti,
Zealand,
kembali,
HW,
Pusat,
tanya,
perancangan,
memperkenalkan,
Bantuan,
Sayang,
Keseluruhannya,
pakej,
iaitu,
rancang,
awal,
menjangkakan,
perutusan,
lepas,
Langkah,
memandangkan,
berdepan,
Dengan,
pelanjutan,
penguatkuasaan,
Pengawalan,
Berjangkit,
cadangan,
menaikkan,
kadar,
kompaun,
kesalahan,
sekurang,
kurangnya,
ganda,
diperhalusi,
dipinda,
terlebih,
dahulu,
jurutera,
Pengurus,
Kadri,
asnaf,
PPD,
peneraju,
membangunkan,
insan,
berpengetahuan,
berkemahiran,
berkeperibadian,
mulia,
justeru,
sesuailah,
Berguru,
Bina,
Baharu,
penekanan,
memperkasa,
ilmu,
pengetahuan,
generasi,
seiring,
Falsafah,
Kendatipun,
begitu,
diibaratkan,
lilin,
membakar,
dirinya,
menerangi,
mendapani,
onak,
cabaran,
melayan,
kerenah,
muridnya,
Meniti,
kian,
Pelancaran,
Kemerdekaan,
Berbicara,
tentang,
mengucapkan,
tahniah,
warga,
pencapaian,
membanggakan,
sangat,
keputusan,
peperiksaan,
Keputusan,
Tinggi,
Persekolahan,
STPM,
Kejayaan,
mencatat,
senarai,
berprestasi,
cemerlang,
Malah,
melakar,
kejayaan,
memberangsangkan,
anugerah,
sederap,
kecemerlangan,
Berbalik,
membawa,
maksud,
mendalam,
selari,
perkataan,
menggambarkan,
memerangi,
samping,
cakna,
melakukan,
merangkumi,
kelangsungan,
Hee,
Canselor,
Universiti,
UCTS,
Madya,
DSP,
Temenggung,
Stanley,
Nervyn,
Petani,
penternak,
nelayan,
dibantu,
pasarkan,
TINGKAT,
PEMASARAN,
Jakaria,
LIMBANG,
Pemodenan,
Wilayah,
memperluaskan,
peranannya,
petani,
Ismail,
memperkembangkan,
fungsinya,
hasil,
Pengumpulan,
Pemprosesan,
Pembungkusan,
Pendekatan,
bru,
Peladang,
pendekatan,
pengeluaran,
diwujudkan,
Limbang,
Rambli,
Bakar,
Majit,
limau,
misalnya,
minuman,
harganya,
mahal,
memilih,
tanaman,
sahaja,
bahagian,
Kebetulan,
jenis,
Stesen,
buahan,
madu,
siri,
berperingkat,
lokasi,
Mastura,
Alision,
disaksi,
kehormat,
Hal,
Ehwal,
menitikberatkan,
tunjang,
persatuannya,
memperkukuhkan,
menjelaskan,
ringkas,
kagum,
menterinya,
bercadang,
dipersembahkan,
Agong,
disampaikan,
bangunan,
persatuan,
Persekutuan,
bangunannya,
Miriek,
mendapat,
perhatian,
Tambahnya,
pula,
SIDS,
Graduan,
Awang,
Hassan,
kekalkan,
dominasi,
tandingi,
kelihatan,
dominasinya,
dipertandingkan,
maklum,
isu,
dibangkitkan,
permintaan,
Tenaga,
dimenanginya,
Manggil,
situasi,
menyuarakan,
menyokongnya,
umum,
melepaskan,
pendiriannya,
enggan,
mengulas,
lanjut,
Tunggulah,
ujar,
tradisinya,
sebelumnya,
mengagihkan,
ditandingi,
berakhir,
dibubarkan,
Clare,
Cinderella,
baiki,
jeti,
usang,
Dawi,
SEDIA,
MEMBANTU,
kampung,
siap,
dibaiki,
Jeti,
Pemuda,
memohon,
berhasil,
menghulurkan,
sumba,
ngan,
binaan,
membaiki,
keselamatan,
kecelakaan,
kemalangan,
menimpa,
rosak,
rapuh,
satunya,
memancing,
Setelah,
bertahun,
buruk,
berulang,
membaikinya,
pangkalan,
mengunjungi,
berkemungkinan,
runtuh,
diperbaiki,
rombongan,
diabai,
akhirnya,
dipenuhi,
siapnya,
komprehensif,
lengkap,
pertolongan,
komunikasi,
mewakili,
berhubung,
menyelesaikan,
inilah,
niat,
berpolitik,
kepadanya,
didengari,
pemeriksaan,
lawatan,
memperoleh,
pemahaman,
esok,
ajak,
muda,
ceburi,
kunjungan,
Kuam,
SERIAN,
mengajak,
menceburi,
menjana,
lumayan,
menumpukan,
menggalakkan,
belia,
Antara,
dana,
usahawan,
Jadi,
adanya,
disediakan,
gus,
menarik,
minat,
Jawankuasa,
diusahakan,
teratur,
Sekarang,
pengusaha,
menempa,
lahirkan,
tujuannya,
mempelajari,
teknik,
sistem,
IoT,
fertigasi,
kaedah,
memulakan,
mengusahakan,
cempedak,
Lebih,
empurau,
segala,
Rombongan,
Sdn,
berbentuk,
Sindang,
jawatankuasa,
tertinggi,
Marlinda,
Mardzuki,
Lanjutan,
beri,
positif,
mengucup,
Permulihan,
dilanjutkan,
tentunya,
melandaikan,
keluk,
dilandaikan,
kemuncupan,
Akademi,
kesukaran,
disebabkan,
Kajian,
Perangkaan,
isi,
pulih,
Keluaran,
KDNK,
menguncup,
kewangan,
menyuntik,
memulih,
memacu,
Suruhanjaya,
Manusia,
pengangguran,
melebihi,
menanggung,
dilaksana,
sekatan,
sepenuh,
diberhentikan,
dianggarkan,
mengalami,
kerugian,
Ahad,
melaporkan,
saranan,
jangkaan,
Sedunia,
mengatakan,
membendung,
melancarkan,
kempen,
pembudayaan,
dipertimbangkan,
laksanakan,
terkawal,
terpulang,
umumkannya,
bergelut,
mengawal,
sempadan,
dikuatkuasakan,
dijadual,
menggantikan,
Bersyarat,
mula,
kelonggaran,
menjalani,
seharian,
Semasa,
sebagainya,
pematuhan,
sepenuhnya,
niaga,
Juga,
busking,
layan,
perikanan,
rekreasi,
kolam,
pancing,
penggambaran,
Patricia,
Gari,
bukti,
kesungguhan,
TURUN,
PADANG,
Sesi,
Kaum,
Bekalan,
Elektrik,
Punan,
TATAU,
memperlihatkan,
meme,
nuhi,
Kakus,
penyediaan,
elektrik,
bekalan,
berkos,
kluster,
Sangan,
menuju,
Enjan,
sekitar,
kelancarannya,
disiapkan,
jangka,
ditetapkan,
penyambungan,
Pembekalan,
SARES,
Anap,
pemasangan,
asas,
luluskan,
alternatif,
Jeffery,
Kiah,
menasihati,
memasang,
pendawaian,
mengelak,
litar,
pintas,
Tadbir,
Gerosen,
Utiliti,
Afindi,
Paris,
Magai,
Kinchang,
desak,
tunaikan,
janji,
bina,
NCR,
penceramah,
Sanusi,
Perjanjian,
dihadapi,
diperjuangkan,
kajian,
serahkan,
bertauliah,
hadapi,
Kesedaran,
Agung,
Johnichal,
Penceramah,
Peguam,
Bawin,
Jelas,
kepentingan,
terhakis,
seharusnya,
fakta,
teguh,
termaktub,
perjanjian,
pernah,
menyoal,
persoalan,
dijawab,
menfailkan,
terhadapnya,
mahkamah,
jawapan,
bangkitkan,
jumpa,
selesaikannya,
serius,
menyemak,
mengiktiraf,
bumiputera,
Menoa,
Galau,
Sebagai,
terikat,
perubahan,
Sampah,
cemarkan,
pantai,
SIMBOLIK,
PERASMIAN,
sampah,
Tanjung,
Punca,
pencemaran,
Pengangkutan,
sarap,
dibuang,
hanyut,
punca,
dikendalikan,
Bagaimana,
sampai,
Adakah,
membuang,
kalau,
buang,
hujan,
bawa,
pembuangan,
menjadikannya,
harian,
rezeki,
pendedahan,
mewarna,
penjagaan,
tetap,
tersenarai,
tercemar,
imej,
peranginan,
pelancongan,
Kerjasama,
Bandaraya,
peniaga,
menguruskan,
Berilah,
mencukupi,
membolehkan,
dikenakan,
Sebanyak,
dikutip,
mengutip,
sebelah,
dimulakan,
berdekatan,
Suhaili,
Steve,
Annuar,
keprihatinan,
DARIPADA,
KERAJAAN,
Huang,
wakilGereja,
Metho,
dist,
Nyelong,
SARIKEI,
institusi,
Repok,
Sii,
tesebut,
Sokongan,
malah,
Transformasi,
prinsip,
keterbukaan,
bijak,
toleran,
tinjauan,
gereja,
rombongannya,
Khidmat,
berkunjung,
Gereja,
hodist,
Daripada,
nanti,
berjanji,
sentasa,
penganjuran,
progam,
impak,
penempatan,
AKTIVITI,
MURNI,
Seramai,
mangsa,
diketuai,
Banchang,
berteduh,
membersih,
sisa,
berbahaya,
seragam,
musnah,
Perasmian,
Sabut,
Syafiq,
murni,
teruja,
taklimat,
MADC,
Jampong,
Prasana,
mustahak,
mengembangkan,
bakat,
Benedine,
berfaedah,
membabitkan,
Sekolah,
prasana,
kegunaan,
motivasi,
Secara,
berguna,
jalinan,
pendidik,
matlamat,
Khamis,
Unyat,
Pembinaan,
menurutnya,
sejajar,
mendidik,
dewasa,
prasarana,
Peranan,
fungsi,
dididik,
pewaris,
berilmu,
berakhlak,
ibu,
bapa,
mementingkan,
menyedari,
senjata,
ampuh,
menempuh,
PIBG,
suatu,
digalak,
sumbang,
balik,
TERIMALAH,
penerima,
Arbi,
Nanti,
bekerjaya,
Penyampaian,
Wakil,
sedikit,
perbelanjaan,
terdapat,
pinjaman,
dipohon,
Antaranya,
Amanah,
Perbadanan,
sempat,
berpesan,
melunaskan,
bayaran,
Setinggi,
sampaikan,
pelajaran,
