"Tentuka,",90
"penyakal,",240
"enda,",1022
"ngeruga,",119
"projek,",245
"pemansang,",486
"ke,",3894
"pengelantang,",202
"rayat,",837
"Utusan,",1407
"Borneo,",1473
"Online,",1423
"Langkau,",465
"kandungan,",465
"utama,",465
"Jumaat,",465
"April,",493
"pm,",465
"Sarawak,",2152
"Sabah,",458
"Nasional,",525
"Dunia,",458
"Iban,",1405
"Sukan,",458
"Ekonomi,",476
"Mahkamah,",458
"Rencana,",458
"Hiburan,",458
"Kolum,",458
"tvUB,",458
"siniHalaman,",458
"Utama,",458
"BERANDAU,",30
"Uggah,",227
"benung,",161
"berandau,",76
"enggau,",5119
"Tuai,",127
"Rumah,",383
"Benard,",60
"kiba,",147
"Ronald,",60
"sereta,",1465
"Petrus,",77
"KUCHING,",206
"Projek,",162
"Bebuling,",90
"STOLport,",90
"padang,",60
"bilun,",30
"jalai,",405
"pandak,",71
"Spaoh,",60
"beungkus,",86
"RM,",316
"juta,",118
"berisiko,",30
"ulih,",792
"dikinsil,",59
"enti,",312
"megai,",121
"perintah,",775
"nengeri,",878
"Sapit,",156
"Kepala,",424
"Menteri,",761
"Datuk,",500
"Douglas,",77
"Embas,",77
"penerang,",300
"iya,",2861
"kemari,",482
"madahka,",544
"chalun,",92
"parti,",386
"bisi,",693
"ati,",391
"deka,",1702
"bediri,",90
"minta,",192
"pilih,",90
"kerusi,",174
"Bukit,",117
"Saban,",30
"udah,",1328
"bejaku,",264
"sentang,",119
"pekara,",384
"nya,",3364
"dalam,",1163
"licha,",70
"sekeda,",156
"rumah,",632
"panjai,",575
"ditu,",542
"entara,",300
"chunto,",67
"ngereja,",84
"pengawa,",1168
"dikedeka,",56
"sida,",778
"beguna,",100
"kena,",917
"nyadika,",84
"numbangka,",30
"pengari,",115
"dichiri,",75
"Sida,",71
"kebendar,",35
"ngemuntanka,",30
"juluk,",92
"mansang,",68
"mua,",65
"ku,",1483
"lebuh,",511
"bejadika,",140
"Jangkauan,",30
"Komuniti,",209
"AgriCOP,",118
"Opis,",713
"Betanam,",298
"Betupi,",298
"Rh,",110
"Engkerbai,",30
"Anyut,",30
"diatu,",317
"dipejalai,",89
"selampur,",55
"dikena,",548
"ngerapitka,",50
"kaul,",152
"raban,",1137
"betanam,",406
"betupi,",414
"menua,",787
"pesisir,",152
"Ku,",529
"madah,",565
"ngembuan,",238
"tanggungpengawa,",83
"nyadi,",855
"fasiliti,",30
"perengka,",65
"pengangkut,",35
"nganjung,",47
"produk,",156
"tanam,",126
"ngagai,",1383
"pasar,",30
"timpuh,",397
"nyamin,",30
"agi,",805
"dikemendar,",30
"Patinggi,",224
"Abang,",619
"Johari,",531
"Openg,",206
"perais,",30
"pemadu,",122
"manah,",241
"ungkup,",503
"kitai,",630
"tambah,",30
"diguna,",90
"Betong,",140
"sebagi,",43
"ari,",1588
"Agropolitan,",30
"Sadok,",30
"palan,",318
"Bakul,",30
"Pemakai,",36
"Mukah,",38
"skala,",30
"besai,",340
"moden,",160
"mantu,",364
"ngenegapka,",75
"objektif,",30
"pengeluar,",44
"pemakai,",128
"pengeksport,",30
"manggai,",56
"awak,",67
"sama,",259
"meri,",766
"peluang,",52
"mensia,",367
"mayuh,",600
"ngangkatka,",66
"tikas,",93
"pengidup,",91
"nambah,",223
"dipejalaika,",276
"kandang,",272
"tagit,",30
"dekaka,",72
"kuasa,",30
"endur,",150
"empas,",95
"semina,",85
"dipeda,",44
"bepilih,",149
"nyau,",81
"majak,",435
"semak,",106
"aja,",117
"datai,",430
"ngiga,",92
"nyadung,",57
"jaku,",164
"bula,",30
"lalu,",811
"lenyau,",30
"pengudah,",316
"petenah,",30
"mujur,",172
"Gabungan,",149
"Parti,",416
"GPS,",486
"seruran,",275
"bejalaika,",137
"belama,",63
"laban,",426
"besedia,",46
"servis,",143
"disemaya,",30
"kami,",187
"ukai,",113
"retorik,",30
"Iya,",233
"mega,",796
"ngelalau,",101
"alai,",391
"ngatur,",291
"macham,",65
"baruh,",73
"Turu,",30
"Fasilitasi,",30
"Kami,",647
"numbuhka,",178
"teknologi,",42
"sektor,",49
"sebuah,",42
"penguntung,",30
"taman,",30
"Agro,",30
"ngumpul,",35
"proses,",32
"mungkus,",30
"CPPC,",86
"ditagit,",30
"nerang,",93
"ngemendarka,",68
"geran,",76
"sepenyampau,",104
"ngaga,",199
"futsal,",30
"nyengkaum,",202
"ngungkupka,",96
"Komiti,",128
"Pemansang,",172
"Pengelikun,",60
"Genturung,",116
"Pendiau,",171
"JKKK,",77
"aktiviti,",128
"bekaul,",242
"komuniti,",194
"Sebedau,",94
"Pemesai,",161
"Bagi,",259
"Menua,",779
"pesereta,",44
"ngambi,",106
"bagi,",116
"nanam,",50
"sawit,",57
"lada,",30
"chelum,",30
"diatur,",287
"Sama,",185
"Direktor,",75
"Nengeri,",491
"Ripid,",30
"Sekretari,",57
"Politik,",34
"Dr,",168
"Richard,",34
"Rapu,",34
"Residen,",138
"Friday,",30
"Belik,",30
"Kategory,",458
"Facebook,",923
"Google,",458
"Email,",458
"Suka,",465
"KM,",201
"ngarapka,",159
"SUPP,",302
"PSB,",386
"bebaik,",203
"ABANG,",29
"JOHARI,",29
"polisi,",164
"suah,",114
"dikemeranka,",29
"kenyau,",135
"Ati,",47
"Rakyat,",93
"betapi,",153
"penanggul,",269
"beserekang,",29
"penemu,",148
"pemaik,",117
"bansa,",846
"PRN,",261
"krisis,",29
"ketuai,",201
"ngujungka,",102
"pambar,",103
"dua,",207
"Bekaul,",61
"YB,",29
"Dato,",219
"Koh,",93
"ensanus,",192
"Ketuai,",137
"Barisan,",66
"BN,",153
"pemutus,",105
"patut,",445
"diputarka,",40
"belaya,",47
"tauka,",252
"charut,",29
"masuk,",29
"champur,",29
"komponen,",58
"ditingkilka,",58
"ditanka,",58
"tetinggi,",39
"mungkur,",45
"semua,",638
"penyerakup,",535
"nengah,",608
"berita,",79
"nimbal,",29
"Taja,",191
"nyentuk,",217
"niang,",29
"Pehin,",76
"Adenan,",58
"Satem,",29
"sebedau,",75
"dikemendarka,",85
"ngena,",129
"lambang,",129
"nyerakupka,",58
"ngambika,",569
"rejista,",29
"Bersatu,",158
"UPP,",87
"ditumbuhka,",95
"dikearapka,",54
"bekerejasama,",60
"Kebendar,",29
"Niang,",29
"ngasuh,",29
"Udah,",29
"nukar,",29
"nama,",100
"Lebuh,",71
"nampung,",53
"menteri,",111
"Tuju,",29
"kededua,",42
"sekalika,",57
"sengaja,",29
"kaban,",113
"taja,",45
"nemu,",124
"kereja,",58
"siti,",227
"tim,",29
"nuan,",79
"negu,",58
"siku,",105
"dikereja,",29
"belaban,",44
"pengeran,",31
"Bepelasarka,",68
"amat,",222
"ngayanka,",101
"nadai,",468
"bemain,",29
"empu,",288
"ngelaban,",29
"politik,",126
"puas,",86
"korporat,",29
"nyaup,",37
"asil,",61
"ngelui,",38
"nyerah,",29
"Ensanus,",29
"Presiden,",183
"mejah,",29
"apin,",50
"nyebut,",29
"Pengerami,",132
"Bejadi,",29
"Konvensyen,",29
"Pesaka,",66
"Bumiputera,",74
"PBB,",66
"Miri,",405
"Hari,",341
"nyin,",96
"tadi,",97
"nujuka,",29
"betuaika,",55
"Kaban,",212
"Kunsil,",246
"Bawang,",46
"Assan,",46
"reti,",87
"Luhong,",112
"James,",140
"ngemegahka,",172
"bulih,",200
"gelar,",127
"Malaysia,",669
"LUHONG,",28
"JAMES,",28
"Siku,",43
"indu,",84
"dara,",28
"penatai,",183
"asal,",48
"Kuching,",106
"ngalahka,",28
"finalis,",56
"bukai,",495
"Indu,",160
"beumur,",39
"dipilih,",42
"pemenang,",56
"diakim,",28
"pelakun,",28
"direktor,",28
"penerbit,",28
"Hans,",28
"Isaac,",28
"Deborah,",28
"penengkebang,",28
"fesyen,",28
"Ong,",28
"Kelimpah,",146
"penuduk,",56
"lumur,",84
"dipenggi,",56
"Charissa,",28
"Chong,",28
"ditangkanka,",37
"tiga,",185
"empat,",128
"Serena,",28
"Neha,",28
"Verma,",28
"Pekit,",56
"pengujung,",28
"dipanchar,",28
"terus,",190
"online,",28
"September,",88
"laman,",28
"pekit,",43
"meli,",53
"tikit,",40
"nisih,",28
"beberapa,",68
"renggat,",109
"mandangka,",46
"malam,",103
"pekayan,",28
"nyemerai,",28
"sesi,",28
"nyaut,",40
"pematak,",28
"randau,",28
"gawa,",52
"bidang,",98
"dagang,",270
"Kuala,",87
"Lumpur,",28
"intebiu,",28
"begulai,",186
"Apai,",28
"Bungan,",28
"Sungai,",93
"Asap,",28
"indai,",30
"Pauline,",28
"Japok,",28
"Kanowit,",182
"nyema,",91
"menang,",52
"betemu,",105
"selebriti,",28
"dermawan,",28
"Oprah,",56
"Winfrey,",56
"bini,",46
"Amerika,",28
"Syarikat,",28
"Michelle,",28
"Obama,",28
"buah,",245
"runding,",79
"bakani,",56
"asai,",28
"inspirasyen,",28
"meda,",231
"televisyen,",56
"nyabak,",56
"pengelebih,",28
"Krismas,",28
"nembiak,",128
"tuchum,",56
"pengaga,",47
"Meda,",28
"sebilik,",28
"sekula,",101
"pelajar,",93
"pengasai,",28
"endang,",278
"pemar,",126
"dipandangka,",37
"dipadahka,",43
"Endang,",52
"nyelai,",28
"penyelai,",28
"JAS,",243
"chakah,",137
"nagang,",305
"nunu,",258
"chara,",415
"tebuka,",216
"PEMERETI,",27
"ATI,",27
"pemereti,",32
"pekebun,",81
"MIRI,",57
"Sekumbang,",27
"musim,",54
"kemarau,",27
"berengkah,",127
"Ogos,",73
"Rampa,",54
"Pampang,",150
"penyedar,",54
"Hamzah,",45
"Mohamad,",54
"pemesai,",154
"matau,",27
"ninting,",72
"hari,",181
"angus,",50
"kelebih,",127
"tanah,",51
"kerapa,",27
"Batang,",41
"tuju,",92
"meresa,",78
"ngansak,",124
"nyuaka,",133
"pemadah,",27
"Kimpin,",27
"Nagang,",130
"Pengawa,",101
"Nunu,",27
"Chara,",27
"Tebuka,",31
"bekebun,",55
"belepa,",27
"rekreasyen,",36
"ensana,",69
"Nitih,",120
"dilawa,",27
"opis,",156
"pekereja,",54
"industri,",55
"Eastwood,",27
"peladang,",54
"semangka,",27
"Baram,",64
"Batu,",89
"Tudan,",27
"tisi,",27
"paya,",27
"Kampung,",41
"sebun,",54
"asap,",54
"nentuka,",202
"angat,",27
"rangkai,",27
"logistik,",27
"kurang,",67
"kerejasama,",191
"ejensi,",67
"Nyengkaum,",27
"Pengereja,",35
"Asal,",63
"NRED,",27
"Pelilih,",297
"Bomba,",27
"Penyelamat,",27
"JBPM,",27
"Parit,",27
"Entali,",27
"JPS,",27
"Geosains,",27
"JMG,",27
"RELA,",63
"nyeliah,",35
"kualiti,",27
"angin,",27
"dijaga,",44
"UMNO,",130
"ditagang,",78
"ngerembai,",118
"BEJAKU,",26
"Nyuaka,",103
"Geran,",127
"Asrama,",102
"DBNA,",178
"Gambar,",91
"Chimon,",51
"Perintah,",339
"bepalan,",52
"Semenanjung,",52
"lebih,",62
"pasal,",73
"nerima,",216
"kelalu,",71
"balat,",26
"idup,",65
"likun,",106
"Kitai,",216
"ekstrim,",26
"nyaga,",205
"diri,",475
"beserakup,",171
"seraya,",93
"arap,",26
"bendar,",28
"maju,",26
"mansutka,",60
"Gerempung,",112
"Bansa,",209
"Dayak,",90
"Bidayuh,",301
"Nambahka,",26
"nambahka,",26
"pemisi,",133
"mai,",77
"nuju,",34
"chukup,",98
"tinggi,",85
"ngarap,",73
"belakang,",26
"nyukung,",111
"ngamat,",26
"nyungkak,",87
"ngangkat,",26
"kita,",80
"pengeransing,",93
"penegap,",26
"awakka,",26
"nyendiaka,",176
"perengkaguna,",142
"biak,",66
"Nitihku,",35
"mekanisme,",26
"sebaka,",53
"Cukai,",26
"Asil,",26
"Bejual,",26
"SST,",26
"dipinta,",113
"oleh,",80
"Rengenyan,",42
"Labang,",42
"ngetanka,",262
"lapan,",175
"diuan,",100
"MERI,",25
"JAKU,",25
"Manyin,",125
"pengelalu,",50
"Raban,",161
"dilalau,",25
"sitak,",170
"tebal,",45
"Mandal,",83
"Kanan,",46
"Michael,",25
"Jawong,",25
"Opar,",50
"Semuja,",50
"Tasik,",25
"Biru,",25
"Serembu,",25
"Mambong,",25
"Tarat,",25
"Tebedu,",50
"Kedup,",25
"Enti,",138
"malas,",25
"Ada,",100
"Padi,",25
"Beras,",25
"Budi,",25
"Pelajar,",73
"Sains,",34
"Pansik,",34
"Teknologi,",40
"disuaka,",29
"Ik,",25
"Pahon,",25
"Joyik,",25
"bala,",188
"kebukai,",25
"berebak,",25
"pengundi,",25
"milih,",50
"beratka,",45
"Anang,",25
"suba,",43
"melaba,",25
"berindik,",114
"abis,",37
"bulan,",204
"Jun,",78
"Kemeranka,",72
"ulah,",171
"bebatak,",96
"asur,",96
"pupu,",162
"tegap,",108
"PEMERI,",24
"Abdul,",239
"Wahab,",96
"chek,",90
"Kabo,",48
"Krian,",84
"ebedau,",24
"SARATOK,",24
"Kalaka,",24
"Aziz,",48
"ngemeranka,",76
"gaya,",39
"nempa,",156
"bebasaka,",72
"bemacham,",63
"sukut,",58
"pengelikun,",151
"diasai,",24
"ekstrem,",24
"pengarap,",282
"dikeirau,",24
"mambarka,",24
"ditempa,",24
"kelia,",24
"bedau,",34
"tradisyen,",24
"tentu,",60
"Rayat,",118
"betuah,",48
"Kristian,",24
"Islam,",24
"Buddha,",24
"pangan,",67
"faktor,",24
"nyata,",26
"begelumu,",24
"bemunsuh,",24
"Awakka,",24
"mih,",114
"nitihka,",112
"garis,",57
"lalau,",48
"betul,",35
"aram,",24
"Kaunsil,",100
"Saratok,",36
"Kunsilor,",80
"Duri,",24
"Khairul,",24
"TTUG,",345
"keterubah,",101
"digaga,",83
"Sibu,",795
"Fatimah,",223
"NGERAPITKA,",23
"KAUL,",23
"kanan,",106
"seranta,",138
"beguntin,",46
"buk,",46
"bebayar,",69
"MAKSAK,",92
"lemai,",46
"SIBU,",132
"Pengintu,",101
"Pengelantang,",133
"Lumba,",45
"Jalai,",90
"Sanyan,",23
"Palan,",68
"Ngenduh,",23
"Sementara,",23
"Seranta,",23
"Ruang,",87
"Bilik,",87
"Tumu,",23
"Nembiak,",87
"Mit,",55
"Abdullah,",39
"setuju,",67
"ngangkatmanah,",116
"muat,",45
"urung,",84
"iku,",111
"sesiti,",23
"Kapasiti,",23
"bepelasarka,",40
"penyampau,",225
"ditemu,",40
"Konsep,",23
"ngenduh,",46
"sementara,",61
"meresi,",28
"makai,",40
"tinduk,",46
"Muak,",23
"siang,",23
"pansut,",49
"Berindik,",51
"ngaduka,",27
"naka,",43
"pengelengkas,",23
"beoperasyen,",32
"Dulu,",51
"ngelimpangka,",23
"ngabas,",68
"bantu,",408
"Peranak,",23
"ngulihka,",23
"pengerai,",139
"fizikal,",23
"peresa,",53
"salah,",65
"barang,",23
"operasyen,",111
"Ukai,",44
"Dikuasa,",23
"NGO,",69
"Pengatur,",23
"Matau,",23
"Sosial,",23
"JPPSB,",69
"Nya,",144
"Serakup,",134
"Pengasih,",46
"Xin,",46
"ditukuka,",23
"ungkus,",66
"nyemetak,",50
"ngulu,",78
"UCA,",23
"Bulan,",53
"Sabit,",23
"Merah,",23
"PBSM,",23
"Lions,",23
"JCI,",23
"KRT,",23
"Brooke,",23
"Empawah,",23
"Chinese,",23
"lurus,",23
"komitmen,",25
"ila,",56
"Berebak,",132
"merambu,",50
"Bintulu,",23
"Ungkup,",43
"strategik,",23
"tetiap,",24
"peranak,",517
"ngasaika,",110
"sosial,",32
"Sepital,",132
"mesti,",140
"diangkatmanah,",110
"lengkas,",87
"BERINTAI,",22
"PANJAI,",22
"Gaya,",22
"berintai,",22
"berubat,",44
"Pengerai,",71
"KKM,",40
"berundingka,",22
"pematut,",22
"dedat,",22
"sakit,",132
"Keadilan,",22
"PKR,",34
"Satu,",93
"Anchom,",22
"inisiatif,",37
"dikejampatka,",22
"engkeman,",22
"dibanding,",39
"mutarka,",59
"bededat,",22
"tubuh,",22
"begunaka,",75
"sepital,",66
"mantupka,",22
"entigis,",22
"besemak,",35
"nejuka,",22
"sekut,",22
"diperatika,",22
"sebengkah,",26
"penedat,",22
"penambah,",22
"ngenyit,",39
"staf,",22
"dia,",22
"bekereja,",22
"langgur,",49
"nangkir,",22
"ngemesaika,",22
"nganti,",47
"sempit,",22
"lutur,",22
"kaunter,",22
"farmasi,",22
"peneleba,",22
"gintir,",22
"pengelama,",33
"nyendia,",22
"perubat,",22
"lantang,",43
"kondusif,",22
"Bantu,",101
"belanja,",382
"diberi,",206
"ngemansangka,",121
"UDAH,",21
"ENGKAMI,",21
"Tiong,",126
"PDP,",218
"Begulai,",58
"Enggau,",42
"Udin,",63
"Nasat,",42
"Sengan,",42
"Progresif,",44
"Demokratik,",44
"Dudong,",147
"mata,",42
"tunai,",21
"diagih,",62
"akaun,",63
"sesebuah,",21
"anang,",41
"tetemuka,",21
"kakang,",32
"blacklist,",21
"arak,",21
"tulung,",21
"kelimpah,",78
"Zon,",21
"Tengah,",34
"Teo,",63
"Siew,",21
"temuai,",54
"Duta,",21
"Khas,",53
"Besai,",159
"Ke,",32
"Republik,",21
"mekuh,",59
"enggaika,",32
"ditinda,",21
"kunteriktor,",42
"beripai,",66
"Kebuah,",26
"Manah,",21
"diadu,",21
"ngelalauka,",21
"ngenataika,",36
"peminta,",77
"ngagihka,",21
"enggai,",52
"diau,",21
"ngasak,",21
"muka,",21
"Kena,",42
"sehari,",30
"bererenggat,",35
"Jawa,",38
"bebendar,",99
"sekumbang,",100
"PKP,",165
"BERATKA,",20
"PENGERAI,",20
"RAYAT,",20
"Gira,",182
"penyapu,",20
"kelai,",72
"Pengelekai,",40
"Penyakit,",40
"Beripai,",40
"pelilih,",109
"Selangau,",329
"empai,",137
"tekeruga,",65
"Atur,",63
"Pemindah,",63
"pandemik,",71
"Tamin,",37
"Ir,",20
"Christopher,",37
"Sambang,",20
"melanja,",20
"bilion,",58
"ditinggalka,",20
"nguji,",31
"napi,",35
"pengelekai,",81
"Semua,",20
"ketegal,",60
"munyi,",73
"Pesisir,",71
"SRDC,",71
"ruang,",29
"bilik,",29
"diagihka,",20
"terima,",35
"kasih,",58
"mekalka,",20
"andalka,",37
"zon,",37
"gadung,",37
"Tegapka,",57
"TALUKKA,",19
"MENUA,",19
"Mawan,",82
"ngibarka,",19
"menira,",19
"Jalur,",19
"Gemilang,",19
"Merdeka,",106
"Sitak,",54
"Julau,",72
"Tayan,",38
"Sg,",38
"Lepong,",38
"Sarikei,",38
"besejarah,",38
"dikeingat,",19
"dikeandalka,",19
"ADUN,",96
"Pakan,",27
"William,",21
"Ikom,",21
"ketiga,",19
"beterima,",19
"Nyema,",26
"identiti,",76
"ngemeratka,",104
"dibai,",22
"Nadai,",24
"diperintah,",19
"tinggal,",19
"kebuah,",82
"ngatika,",25
"kuing,",33
"Nerang,",29
"senentang,",41
"nerenakka,",19
"merdeka,",19
"Sehari,",19
"berasai,",53
"temegah,",39
"diayanka,",19
"Besaup,",54
"PENYERAKUP,",18
"Karim,",72
"beserimbai,",18
"pengerami,",173
"Kebangsaan,",76
"Renggat,",66
"Pasar,",35
"Simanggang,",36
"Aman,",36
"PENERANGAN,",18
"besaup,",18
"Dagang,",18
"Temuai,",18
"Seni,",18
"Rahman,",86
"sukung,",24
"saup,",18
"dikedekaka,",18
"mudah,",45
"dijapai,",19
"Ambika,",18
"ngemajuka,",18
"fokus,",18
"Suarah,",18
"digulu,",18
"Megai,",18
"Taib,",36
"Mahmud,",18
"Toh,",18
"Ragad,",18
"Kurdi,",18
"tanggung,",18
"genap,",18
"Dalam,",42
"ikas,",18
"ingat,",18
"diasaika,",18
"begaring,",18
"penyakah,",18
"Mayuh,",31
"jematan,",117
"infrastruktur,",18
"ekonomi,",105
"alun,",18
"meruan,",20
"Kes,",68
"denggi,",85
"diripotka,",51
"niki,",85
"JAGA,",17
"PEMERESI,",17
"disempulangka,",34
"Sempurai,",51
"peratus,",26
"Ngelai,",17
"ripot,",34
"kes,",60
"dirikodka,",17
"Januari,",25
"Julai,",17
"tujuh,",61
"nangi,",17
"pemeresi,",66
"genturung,",32
"pendiau,",70
"nyamuk,",17
"Aedes,",34
"betelu,",34
"Bala,",20
"kedai,",34
"ukum,",17
"belalauka,",17
"undang,",76
"dipenyadika,",17
"Sze,",17
"ngarika,",33
"Mendam,",17
"Kandang,",59
"Berumah,",17
"Datu,",17
"Antonio,",17
"Kahti,",17
"Galis,",17
"Inting,",17
"Nyami,",17
"Pemancha,",25
"Mathew,",17
"bekuasa,",28
"prosedur,",42
"mutuska,",23
"rentayan,",17
"kaunsil,",17
"penyakit,",50
"ngerampit,",17
"ukui,",34
"ditupi,",17
"betuchuk,",17
"vaksin,",17
"jelu,",45
"tupi,",17
"dirampit,",17
"penguna,",17
"nitih,",17
"terit,",22
"PKPP,",245
"disambung,",64
"Disember,",128
"NITIHKA,",16
"PEMUTUS,",16
"RENGGAT,",16
"NASIONAL,",16
"dikerandau,",48
"pengarang,",41
"bejadi,",48
"BCCK,",32
"Siong,",16
"Wei,",16
"pentin,",34
"Mulaika,",25
"Pemanah,",25
"nasional,",32
"ngelanjarka,",34
"ambi,",16
"ditanya,",44
"JWKS,",16
"ditimpuhka,",16
"tembu,",43
"Muhyiddin,",48
"Yassin,",16
"Perutusan,",16
"nyambung,",40
"mekanisma,",16
"neruska,",16
"berampit,",16
"protokol,",16
"dititihka,",16
"perambu,",16
"Sarawakku,",16
"Sayang,",16
"BKSS,",80
"mayar,",17
"tiap,",16
"KIR,",16
"insentif,",32
"dibayar,",32
"sekali,",17
"Bujang,",16
"Mei,",37
"disempulang,",16
"Pengajar,",77
"dianggap,",45
"injinir,",60
"rama,",60
"NGERAMI,",15
"Ali,",124
"lima,",70
"Ahli,",30
"melah,",15
"kek,",15
"Ngemunka,",30
"pengajar,",77
"pengelandik,",15
"Masagus,",15
"tema,",15
"Berguru,",15
"Ilmu,",15
"Bina,",15
"Generasi,",15
"Tema,",15
"ngadaka,",25
"rebak,",26
"seriris,",40
"Prinsip,",15
"disempamaka,",15
"penampak,",15
"penguji,",30
"diajar,",17
"Ninting,",15
"ditapi,",38
"Bejaku,",15
"pemujur,",28
"akademik,",17
"PPD,",45
"Pemutus,",15
"Sijil,",30
"Tinggi,",16
"Pelajaran,",30
"STPM,",15
"nyapai,",17
"atas,",15
"Pemujur,",15
"nyulut,",30
"SPM,",15
"ngerikodka,",15
"kokurikulum,",15
"mantaika,",36
"penyulut,",30
"pamadu,",15
"nyingkang,",15
"ngelangkar,",15
"ngintu,",15
"rambai,",15
"Prihatin,",39
"Reti,",15
"leka,",15
"igi,",15
"Chikba,",15
"Hee,",15
"Sieng,",15
"Canselor,",15
"Akademik,",15
"Universiti,",15
"Kolej,",15
"UCTS,",15
"Profesor,",15
"Madya,",15
"Azlan,",15
"DSP,",15
"Ariffin,",15
"Temenggong,",30
"Lau,",21
"Stanley,",15
"Gramong,",15
"ngelakuka,",65
"NGANGKATKA,",14
"DAGANG,",14
"duduk,",38
"Jakaria,",28
"Lubuk,",14
"Segantang,",14
"LIMBANG,",14
"Moden,",42
"Tanah,",60
"ngerembaika,",23
"bumai,",28
"berikan,",37
"Muda,",22
"Ismail,",14
"mandahka,",14
"agih,",56
"bedagangka,",14
"Ngumpul,",28
"Proses,",28
"Mungkus,",28
"eggau,",14
"Bumai,",14
"bedagang,",28
"Programme,",14
"Limbang,",84
"Lubok,",52
"Sigantang,",28
"Rambli,",14
"Dulaphi,",14
"Bakar,",14
"Latip,",14
"Majit,",14
"Kota,",28
"limau,",14
"diproses,",28
"jus,",14
"rega,",24
"nyiur,",52
"rian,",62
"nanas,",42
"dikemeratka,",27
"Tiga,",14
"Semina,",14
"Kubong,",66
"Stesyen,",14
"ngeproses,",14
"nangka,",14
"madu,",14
"Siri,",14
"AgriCop,",14
"Danau,",14
"UNIFOR,",98
"UNGKUP,",17
"KITA,",28
"Melayu,",65
"Radzali,",13
"Alision,",13
"dikemataka,",15
"dipebasa,",13
"Pekara,",27
"Pengarap,",17
"Bukai,",17
"sedia,",24
"bengkah,",35
"serakup,",26
"negapka,",13
"nerangka,",24
"mit,",27
"Penyerakup,",13
"konsep,",13
"dibantaika,",25
"Pertuan,",13
"Agong,",13
"nirika,",16
"begunan,",39
"Penyampau,",13
"Joharimega,",13
"Gempung,",29
"kediri,",34
"Kedayan,",13
"Miriek,",13
"Tambah,",17
"Sarakup,",13
"SIDS,",13
"Graduet,",13
"SDGA,",13
"Awang,",29
"dif,",26
"dipebasaka,",13
"dipelaba,",56
"ngenanka,",48
"DOMINAN,",12
"diaSapit,",12
"Gerawat,",12
"dominasi,",12
"temu,",12
"dominan,",12
"isu,",77
"Biju,",24
"Kuasa,",12
"Pengeraja,",12
"dimenang,",12
"Penguang,",12
"Manggil,",12
"Parlimen,",20
"nyemilik,",12
"Pribumi,",12
"BERSATU,",24
"situasyen,",21
"PRU,",12
"ngelengkaka,",12
"berdiri,",12
"dikelala,",12
"SPDP,",12
"mengkang,",22
"PRS,",12
"iti,",21
"Penggal,",12
"direrak,",12
"Joshua,",44
"nyeruri,",52
"jelatung,",110
"kayu,",99
"Dawi,",66
"Ringgil,",44
"MANTU,",11
"Pasai,",22
"diseruri,",33
"Jelatung,",22
"repuk,",33
"KetuaI,",11
"sebarang,",23
"penusah,",28
"nuntung,",11
"jai,",11
"ditengah,",11
"nurun,",13
"nginti,",20
"Pengudah,",11
"betaun,",22
"semanjai,",11
"dikeibuhka,",22
"sebuat,",11
"ngemanahka,",15
"gaga,",18
"penembu,",11
"tama,",11
"Enda,",11
"ngira,",11
"dini,",11
"penyambung,",11
"bepolitik,",11
"didinga,",11
"mereti,",11
"silik,",11
"pagila,",11
"Rebak,",30
"diperansang,",30
"ngaul,",84
"NGELAWA,",10
"SABERKAS,",100
"Su,",30
"Kuam,",30
"Serian,",20
"SERIAN,",10
"Pertubuhan,",10
"Belia,",10
"meransang,",30
"kemaya,",20
"Junaidi,",10
"komersial,",28
"Entara,",16
"turu,",10
"tani,",10
"penyereta,",10
"Nyadi,",16
"disediaka,",10
"matak,",10
"dikemansang,",10
"Diatu,",10
"penemuai,",10
"belajar,",12
"sistem,",15
"Internet,",10
"IoT,",10
"fertigasyen,",20
"ngepunka,",10
"ngelawa,",29
"sibau,",10
"temedak,",10
"lensat,",10
"narit,",10
"nupi,",10
"ikan,",20
"empurau,",10
"dikumbai,",10
"Nangkanka,",18
"Agritech,",10
"Sdn,",10
"Bhd,",18
"Simon,",10
"Sindang,",10
"Bada,",10
"komiti,",10
"dilanjar,",27
"DR,",9
"diketu,",27
"dilanjarka,",9
"Penganalisis,",9
"Berma,",9
"positif,",9
"neritka,",23
"ngelandaika,",9
"graf,",27
"landai,",9
"kedua,",9
"penurun,",18
"Felo,",9
"Akademi,",9
"pedis,",9
"Pengitung,",9
"Tubuh,",9
"gerai,",9
"selama,",9
"Pemansut,",9
"Kasar,",9
"KDNK,",9
"dipelabaka,",9
"pemansut,",19
"mulaika,",9
"pemanah,",9
"Pesuruhjaya,",9
"Suruhanjaya,",9
"Asasi,",9
"Manusia,",9
"SUHAKAM,",9
"nanggung,",9
"tagang,",9
"penuh,",17
"diketuka,",9
"dianggarka,",9
"rugi,",9
"Minggu,",9
"BERNAMA,",9
"Seri,",9
"Adham,",9
"MKN,",18
"pelaba,",9
"Sedunya,",9
"ngelancharka,",9
"kimpin,",14
"ngemeran,",9
"berunding,",15
"tepulai,",9
"kiruh,",9
"negap,",9
"pintu,",9
"penama,",9
"Perkeso,",9
"Negara,",9
"Selamat,",9
"Felda,",9
"Besar,",9
"diteritka,",9
"diterit,",9
"nyilih,",9
"Bisi,",27
"Penetap,",9
"PKPB,",9
"pengelunggar,",9
"besesehari,",14
"ngasika,",18
"nyauka,",9
"berenggat,",9
"bejual,",9
"premis,",9
"muzium,",9
"busking,",9
"gari,",12
"dobi,",9
"pegung,",9
"filem,",9
"NGABAS,",8
"John,",38
"Sikie,",32
"Sesi,",16
"Libat,",16
"Kelebu,",32
"Bekal,",40
"Elekterik,",32
"RES,",32
"Punan,",16
"Tatau,",40
"TATAU,",8
"Undang,",16
"Kakus,",24
"Tayai,",8
"bekal,",29
"elekterik,",32
"mengeri,",13
"Achun,",8
"kluster,",8
"Samarakan,",8
"Sangan,",16
"Pandong,",8
"Enjan,",8
"Wilshatkon,",8
"panjang,",8
"bungkur,",8
"pengelanchar,",8
"ditetapka,",14
"Alternatif,",16
"SARES,",16
"Takan,",8
"Anap,",8
"Bawan,",8
"pegai,",8
"pemun,",8
"SAWAS,",8
"Jeffery,",8
"Kitup,",8
"Kiah,",8
"Jayan,",8
"begaga,",8
"karan,",8
"kunterik,",8
"SEB,",16
"Winnie,",8
"Gerosen,",8
"Jubin,",8
"Utiliti,",8
"Heriwan,",8
"Afindi,",8
"Ferrera,",8
"Paris,",8
"Sanok,",8
"Magai,",8
"Lubun,",8
"Kinchang,",8
"Halaman,",21
"tidak,",21
"dijumpai,",21
"diminta,",7
"angela,",7
"zuraida,",7
"ngamatka,",7
"semaya,",7
"bomba,",7
"pesisi,",7
"dapat,",7
"ditegika,",36
"BEJADI,",13
"Muhammad,",6
"Sanusi,",6
"Sempekat,",6
"Bepilih,",18
"Akta,",6
"PDA,",30
"NCR,",24
"pansik,",12
"nyerahka,",6
"pengelicha,",6
"bepelajar,",6
"Pemereti,",6
"George,",6
"Johnical,",6
"Rayong,",6
"Pengelicha,",6
"Lintang,",6
"aktivis,",6
"Nicholas,",6
"Bawin,",6
"minyak,",11
"gis,",6
"diambi,",11
"dituku,",6
"sempekat,",6
"Senentang,",6
"nanya,",6
"akta,",6
"tanya,",12
"disaut,",6
"ditangkan,",6
"kort,",12
"dikenataika,",6
"nyaman,",6
"Kanun,",12
"mansik,",6
"ngenukuka,",6
"Pulau,",6
"Galau,",6
"besangkut,",6
"gempung,",6
"ubah,",6
"Uras,",15
"ngamahka,",15
"sungai,",95
"pantai,",50
"uras,",80
"Usman,",10
"kampung,",10
"Pujut,",10
"Tanjung,",10
"pengamah,",5
"Perengka,",5
"Pengangkut,",5
"Senadin,",5
"dibuai,",5
"parit,",15
"anyut,",5
"kamah,",20
"Nama,",5
"muai,",23
"berumah,",5
"ujan,",5
"kapal,",5
"Liku,",5
"jereki,",5
"nyura,",10
"selamat,",5
"dipajakka,",5
"dirintai,",5
"sepuluh,",5
"ngelantangka,",5
"utara,",5
"Kerejasama,",5
"Mengeri,",5
"MBM,",10
"Beri,",5
"singkang,",5
"Ari,",5
"atur,",5
"ditinggang,",5
"pesalah,",5
"ngemataka,",5
"kg,",5
"digumpul,",5
"pagi,",10
"dipunka,",5
"senamrobik,",5
"pukul,",5
"LSSS,",10
"ditampung,",5
"Murni,",5
"Suhaili,",5
"Suleiman,",5
"Layar,",20
"GERIJA,",4
"Robert,",8
"Lawson,",8
"Chuat,",8
"BETONG,",4
"Peintah,",4
"Gerija,",8
"Sidang,",4
"Injil,",4
"Adonai,",8
"Gerald,",4
"Rentap,",8
"Jabu,",4
"Jugah,",4
"Terima,",4
"inklusif,",4
"gerija,",20
"Nengah,",4
"muzik,",8
"ngenang,",4
"Stephen,",4
"Ningkan,",4
"nenagh,",4
"Saribas,",4
"Mohammad,",4
"Razi,",4
"Sitam,",4
"nyereta,",12
"pengentap,",15
"PENGAWA,",3
"BERIPAI,",3
"Sekeda,",3
"Nanaga,",3
"Bilat,",9
"tasah,",6
"dituntung,",6
"bedaulama,",3
"PElilih,",3
"Sylverstine,",6
"Banchang,",3
"ngelekatka,",3
"dinding,",3
"beteduh,",3
"meresika,",3
"bekau,",3
"teda,",3
"dianjung,",3
"Genta,",3
"Sabut,",3
"Beserimbai,",3
"PPJKR,",3
"Syafiq,",3
"Fadzil,",3
"pengasih,",3
"majoriti,",3
"Meluan,",3
"MADC,",3
"Belayong,",3
"Jampong,",3
"Pemisi,",6
"SK,",4
"Benedine,",4
"PAKAN,",2
"pechaya,",4
"Sekula,",2
"Primari,",2
"peransang,",2
"dikearap,",2
"pengagit,",2
"Empat,",2
"Patric,",2
"Unyat,",2
"Transformasyen,",2
"RTP,",2
"setipak,",2
"ngajar,",2
"jemah,",5
"semampai,",2
"berubah,",2
"besekula,",2
"aris,",2
"pandai,",2
"serea,",2
"apai,",4
"inda,",2
"anak,",2
"nemua,",2
"senyata,",2
"jeman,",2
"Mandela,",2
"PIBG,",2
"TERIMA,",1
"MIH,",1
"Yakub,",3
"penerima,",1
"MUKAH,",1
"dipesan,",1
"pulai,",2
"Balingian,",3
"Arbi,",1
"bepengawa,",1
"lebu,",1
"Servis,",1
"Pengari,",1
"jali,",2
"Yayasan,",1
"Majlis,",1
"AManah,",1
"MARA,",1
"Perbadanan,",1
"Tabung,",1
"Pendidikan,",1
"PTPTN,",1
"bepesan,",1
