Tentuka,
penyakal,
enda,
ngeruga,
pemansang,
pengelantang,
rayat,
Borneo,
Langkau,
utama,
April,
Sarawak,
Nasional,
Iban,
Ekonomi,
Rencana,
Kolum,
siniHalaman,
BERANDAU,
benung,
berandau,
enggau,
Rumah,
kiba,
sereta,
Projek,
STOLport,
bilun,
jalai,
pandak,
beungkus,
juta,
ulih,
dikinsil,
enti,
megai,
perintah,
nengeri,
Sapit,
Kepala,
Datuk,
Embas,
penerang,
iya,
kemari,
madahka,
chalun,
bisi,
ati,
deka,
bediri,
minta,
pilih,
Bukit,
udah,
bejaku,
sentang,
dalam,
licha,
sekeda,
panjai,
ditu,
entara,
chunto,
ngereja,
pengawa,
dikedeka,
sida,
beguna,
kena,
nyadika,
numbangka,
pengari,
dichiri,
Sida,
kebendar,
ngemuntanka,
juluk,
mansang,
mua,
ku,
lebuh,
bejadika,
Komuniti,
Opis,
Betanam,
Betupi,
Engkerbai,
diatu,
dipejalai,
selampur,
dikena,
ngerapitka,
kaul,
raban,
betanam,
betupi,
menua,
pesisir,
Ku,
madah,
ngembuan,
tanggungpengawa,
nyadi,
perengka,
pengangkut,
nganjung,
tanam,
ngagai,
timpuh,
nyamin,
agi,
dikemendar,
Abang,
Openg,
perais,
pemadu,
manah,
ungkup,
kitai,
tambah,
diguna,
sebagi,
ari,
Sadok,
palan,
Mukah,
skala,
besai,
mantu,
ngenegapka,
pengeluar,
pemakai,
manggai,
awak,
meri,
mensia,
mayuh,
ngangkatka,
tikas,
pengidup,
nambah,
dipejalaika,
kandang,
tagit,
dekaka,
endur,
empas,
semina,
dipeda,
bepilih,
nyau,
majak,
semak,
aja,
datai,
ngiga,
nyadung,
jaku,
bula,
lenyau,
pengudah,
petenah,
mujur,
Parti,
seruran,
bejalaika,
belama,
laban,
besedia,
servis,
disemaya,
ukai,
Iya,
ngelalau,
alai,
ngatur,
macham,
baruh,
Turu,
numbuhka,
sebuah,
penguntung,
Agro,
ngumpul,
mungkus,
ditagit,
nerang,
ngemendarka,
sepenyampau,
ngaga,
nyengkaum,
ngungkupka,
Komiti,
Pemansang,
Pengelikun,
Genturung,
Pendiau,
bekaul,
Sebedau,
Pemesai,
Menua,
pesereta,
ngambi,
nanam,
lada,
chelum,
diatur,
Sama,
Direktor,
Nengeri,
Sekretari,
Dr,
Rapu,
Friday,
Kategory,
Google,
Suka,
KM,
ngarapka,
PSB,
bebaik,
ABANG,
JOHARI,
polisi,
suah,
dikemeranka,
kenyau,
Ati,
betapi,
penanggul,
beserekang,
penemu,
pemaik,
bansa,
krisis,
ketuai,
ngujungka,
pambar,
Bekaul,
YB,
Koh,
ensanus,
Ketuai,
BN,
pemutus,
patut,
diputarka,
belaya,
tauka,
charut,
champur,
ditingkilka,
ditanka,
tetinggi,
mungkur,
penyerakup,
nengah,
berita,
nimbal,
Taja,
nyentuk,
niang,
Adenan,
sebedau,
dikemendarka,
ngena,
nyerakupka,
ngambika,
rejista,
ditumbuhka,
dikearapka,
bekerejasama,
Kebendar,
Niang,
ngasuh,
Udah,
nukar,
nama,
Lebuh,
nampung,
Tuju,
kededua,
sekalika,
kaban,
taja,
nemu,
kereja,
siti,
tim,
nuan,
negu,
siku,
dikereja,
belaban,
pengeran,
Bepelasarka,
ngayanka,
nadai,
bemain,
empu,
ngelaban,
puas,
nyaup,
asil,
ngelui,
nyerah,
Ensanus,
mejah,
apin,
nyebut,
Pengerami,
Bejadi,
Pesaka,
PBB,
nyin,
nujuka,
betuaika,
Kaban,
Kunsil,
Assan,
reti,
ngemegahka,
bulih,
gelar,
LUHONG,
JAMES,
Siku,
indu,
dara,
penatai,
Kuching,
ngalahka,
bukai,
beumur,
diakim,
pelakun,
direktor,
Hans,
Deborah,
penengkebang,
Ong,
Kelimpah,
penuduk,
lumur,
dipenggi,
Chong,
ditangkanka,
Serena,
Verma,
Pekit,
pengujung,
dipanchar,
online,
laman,
pekit,
meli,
tikit,
nisih,
renggat,
mandangka,
pekayan,
nyemerai,
nyaut,
pematak,
randau,
gawa,
dagang,
Lumpur,
intebiu,
begulai,
Apai,
Asap,
indai,
Japok,
nyema,
betemu,
dermawan,
Winfrey,
bini,
Syarikat,
Obama,
runding,
bakani,
asai,
inspirasyen,
meda,
nyabak,
pengelebih,
nembiak,
tuchum,
pengaga,
Meda,
sebilik,
sekula,
pengasai,
endang,
pemar,
dipandangka,
dipadahka,
Endang,
nyelai,
penyelai,
chakah,
nagang,
nunu,
chara,
tebuka,
PEMERETI,
ATI,
pemereti,
MIRI,
Sekumbang,
kemarau,
berengkah,
Rampa,
Pampang,
penyedar,
Mohamad,
pemesai,
matau,
ninting,
angus,
kelebih,
kerapa,
Batang,
meresa,
ngansak,
nyuaka,
pemadah,
Kimpin,
Nagang,
Pengawa,
Nunu,
Chara,
Tebuka,
bekebun,
belepa,
rekreasyen,
ensana,
Nitih,
dilawa,
opis,
pekereja,
Eastwood,
semangka,
Batu,
tisi,
sebun,
asap,
nentuka,
angat,
rangkai,
kerejasama,
ejensi,
Nyengkaum,
Pengereja,
Asal,
NRED,
Pelilih,
Penyelamat,
Parit,
Entali,
Geosains,
nyeliah,
angin,
dijaga,
ditagang,
ngerembai,
BEJAKU,
Nyuaka,
Asrama,
Gambar,
bepalan,
lebih,
pasal,
nerima,
kelalu,
balat,
idup,
likun,
Kitai,
ekstrim,
nyaga,
beserakup,
seraya,
arap,
bendar,
mansutka,
Gerempung,
Bansa,
Bidayuh,
Nambahka,
nambahka,
pemisi,
mai,
nuju,
chukup,
ngarap,
belakang,
nyukung,
ngamat,
nyungkak,
ngangkat,
pengeransing,
penegap,
awakka,
nyendiaka,
perengkaguna,
biak,
Nitihku,
mekanisme,
sebaka,
Cukai,
Asil,
Bejual,
SST,
dipinta,
Rengenyan,
Labang,
ngetanka,
diuan,
MERI,
JAKU,
pengelalu,
Raban,
dilalau,
sitak,
tebal,
Mandal,
Michael,
Biru,
Tarat,
Kedup,
Enti,
malas,
Padi,
Beras,
Budi,
Sains,
Pansik,
disuaka,
Ik,
Pahon,
Joyik,
bala,
kebukai,
berebak,
milih,
beratka,
Anang,
suba,
melaba,
berindik,
abis,
Kemeranka,
ulah,
bebatak,
asur,
pupu,
tegap,
PEMERI,
Wahab,
chek,
Krian,
ebedau,
Kalaka,
ngemeranka,
gaya,
nempa,
bebasaka,
bemacham,
sukut,
pengelikun,
diasai,
pengarap,
dikeirau,
mambarka,
ditempa,
kelia,
bedau,
tradisyen,
Rayat,
betuah,
Islam,
pangan,
nyata,
begelumu,
bemunsuh,
Awakka,
mih,
nitihka,
lalau,
aram,
Kaunsil,
Kunsilor,
Khairul,
keterubah,
digaga,
NGERAPITKA,
KAUL,
seranta,
beguntin,
buk,
bebayar,
lemai,
Pengintu,
Pengelantang,
Lumba,
Jalai,
Palan,
Ngenduh,
Seranta,
Ruang,
Bilik,
Tumu,
Nembiak,
Mit,
setuju,
ngangkatmanah,
muat,
urung,
iku,
sesiti,
bepelasarka,
penyampau,
ditemu,
ngenduh,
meresi,
makai,
tinduk,
Muak,
siang,
pansut,
Berindik,
ngaduka,
naka,
pengelengkas,
beoperasyen,
Dulu,
ngelimpangka,
ngabas,
Peranak,
ngulihka,
pengerai,
peresa,
barang,
operasyen,
Ukai,
Dikuasa,
Pengatur,
Matau,
JPPSB,
Nya,
Serakup,
Pengasih,
ditukuka,
ungkus,
nyemetak,
ngulu,
Bulan,
Merah,
Lions,
KRT,
Empawah,
lurus,
ila,
Berebak,
merambu,
Ungkup,
tetiap,
peranak,
ngasaika,
Sepital,
mesti,
diangkatmanah,
lengkas,
BERINTAI,
PANJAI,
Gaya,
berintai,
berubat,
Pengerai,
berundingka,
pematut,
dedat,
sakit,
PKR,
Anchom,
dikejampatka,
engkeman,
dibanding,
mutarka,
bededat,
tubuh,
begunaka,
sepital,
mantupka,
entigis,
besemak,
nejuka,
sekut,
diperatika,
sebengkah,
penedat,
penambah,
ngenyit,
staf,
bekereja,
langgur,
nangkir,
ngemesaika,
nganti,
lutur,
farmasi,
peneleba,
gintir,
pengelama,
nyendia,
perubat,
lantang,
Bantu,
belanja,
diberi,
ngemansangka,
UDAH,
ENGKAMI,
PDP,
Begulai,
Enggau,
Sengan,
Demokratik,
mata,
diagih,
anang,
tetemuka,
kakang,
blacklist,
tulung,
kelimpah,
Tengah,
temuai,
Duta,
Besai,
Republik,
mekuh,
enggaika,
ditinda,
kunteriktor,
beripai,
Kebuah,
Manah,
diadu,
ngelalauka,
ngenataika,
peminta,
ngagihka,
enggai,
diau,
ngasak,
Kena,
bererenggat,
Jawa,
bebendar,
sekumbang,
BERATKA,
PENGERAI,
RAYAT,
kelai,
Pengelekai,
Beripai,
pelilih,
empai,
tekeruga,
Atur,
Pemindah,
Tamin,
Ir,
Sambang,
melanja,
ditinggalka,
nguji,
napi,
pengelekai,
ketegal,
munyi,
Pesisir,
SRDC,
bilik,
diagihka,
kasih,
mekalka,
andalka,
zon,
gadung,
Tegapka,
TALUKKA,
MENUA,
ngibarka,
menira,
Gemilang,
Sitak,
Tayan,
Sg,
Sarikei,
besejarah,
dikeingat,
dikeandalka,
William,
ketiga,
beterima,
Nyema,
ngemeratka,
dibai,
Nadai,
kebuah,
ngatika,
kuing,
Nerang,
senentang,
nerenakka,
merdeka,
Sehari,
berasai,
temegah,
diayanka,
Besaup,
PENYERAKUP,
beserimbai,
pengerami,
Renggat,
Pasar,
Simanggang,
PENERANGAN,
besaup,
Dagang,
Temuai,
Seni,
sukung,
saup,
dikedekaka,
dijapai,
Ambika,
ngemajuka,
Suarah,
digulu,
Megai,
Mahmud,
Ragad,
tanggung,
Dalam,
ikas,
ingat,
diasaika,
begaring,
penyakah,
Mayuh,
jematan,
ekonomi,
alun,
meruan,
Kes,
diripotka,
niki,
JAGA,
PEMERESI,
disempulangka,
peratus,
ripot,
dirikodka,
Julai,
nangi,
pemeresi,
genturung,
pendiau,
Aedes,
betelu,
Bala,
ukum,
belalauka,
dipenyadika,
ngarika,
Mendam,
Kandang,
Berumah,
Antonio,
Kahti,
Galis,
Nyami,
Pemancha,
bekuasa,
mutuska,
rentayan,
kaunsil,
penyakit,
ngerampit,
ukui,
ditupi,
betuchuk,
jelu,
tupi,
dirampit,
penguna,
nitih,
terit,
disambung,
NITIHKA,
PEMUTUS,
RENGGAT,
NASIONAL,
dikerandau,
pengarang,
bejadi,
Siong,
pentin,
Mulaika,
Pemanah,
ngelanjarka,
ambi,
JWKS,
ditimpuhka,
tembu,
Yassin,
Perutusan,
nyambung,
mekanisma,
neruska,
berampit,
protokol,
dititihka,
perambu,
Sayang,
mayar,
tiap,
KIR,
insentif,
dibayar,
Bujang,
disempulang,
Pengajar,
injinir,
rama,
NGERAMI,
lima,
melah,
kek,
Ngemunka,
pengajar,
pengelandik,
Berguru,
Bina,
ngadaka,
rebak,
seriris,
Prinsip,
disempamaka,
penampak,
penguji,
diajar,
Ninting,
ditapi,
Bejaku,
pemujur,
PPD,
Pemutus,
Tinggi,
STPM,
nyapai,
Pemujur,
nyulut,
ngerikodka,
mantaika,
penyulut,
pamadu,
nyingkang,
ngelangkar,
ngintu,
rambai,
Reti,
leka,
igi,
Hee,
Canselor,
Universiti,
UCTS,
Madya,
DSP,
Temenggong,
Stanley,
ngelakuka,
NGANGKATKA,
DAGANG,
Jakaria,
Lubuk,
LIMBANG,
Moden,
ngerembaika,
bumai,
berikan,
Ismail,
mandahka,
agih,
bedagangka,
Ngumpul,
Proses,
Mungkus,
eggau,
Bumai,
bedagang,
Limbang,
Rambli,
Bakar,
Majit,
limau,
rega,
nyiur,
rian,
dikemeratka,
Semina,
Stesyen,
ngeproses,
madu,
Siri,
AgriCop,
UNGKUP,
KITA,
Alision,
dikemataka,
dipebasa,
Pekara,
Pengarap,
Bukai,
bengkah,
serakup,
negapka,
nerangka,
mit,
Penyerakup,
dibantaika,
Agong,
nirika,
begunan,
Penyampau,
Joharimega,
Gempung,
kediri,
Miriek,
Tambah,
SIDS,
Graduet,
Awang,
dipebasaka,
dipelaba,
ngenanka,
DOMINAN,
diaSapit,
dominasi,
temu,
isu,
Kuasa,
Pengeraja,
dimenang,
Manggil,
nyemilik,
BERSATU,
situasyen,
ngelengkaka,
dikelala,
mengkang,
iti,
direrak,
nyeruri,
jelatung,
Dawi,
MANTU,
diseruri,
Jelatung,
repuk,
KetuaI,
penusah,
nuntung,
jai,
ditengah,
nurun,
nginti,
Pengudah,
betaun,
semanjai,
dikeibuhka,
sebuat,
ngemanahka,
gaga,
penembu,
tama,
Enda,
ngira,
dini,
penyambung,
bepolitik,
didinga,
mereti,
silik,
pagila,
Rebak,
diperansang,
ngaul,
NGELAWA,
Kuam,
SERIAN,
meransang,
kemaya,
Entara,
turu,
penyereta,
Nyadi,
disediaka,
matak,
dikemansang,
Diatu,
penemuai,
sistem,
IoT,
fertigasyen,
ngepunka,
ngelawa,
sibau,
temedak,
lensat,
narit,
nupi,
empurau,
dikumbai,
Nangkanka,
Sdn,
Sindang,
komiti,
dilanjar,
DR,
diketu,
dilanjarka,
positif,
neritka,
ngelandaika,
graf,
landai,
penurun,
Akademi,
pedis,
Pengitung,
Tubuh,
gerai,
Pemansut,
KDNK,
dipelabaka,
pemansut,
mulaika,
pemanah,
Suruhanjaya,
Manusia,
nanggung,
tagang,
diketuka,
dianggarka,
rugi,
Minggu,
Seri,
pelaba,
Sedunya,
ngelancharka,
kimpin,
ngemeran,
tepulai,
kiruh,
negap,
penama,
Perkeso,
Selamat,
Felda,
diteritka,
diterit,
nyilih,
Bisi,
Penetap,
pengelunggar,
besesehari,
ngasika,
nyauka,
berenggat,
bejual,
busking,
gari,
pegung,
NGABAS,
Sesi,
Bekal,
Elekterik,
Punan,
TATAU,
Kakus,
bekal,
elekterik,
mengeri,
kluster,
Sangan,
Enjan,
panjang,
bungkur,
pengelanchar,
ditetapka,
SARES,
Anap,
pegai,
pemun,
Jeffery,
Kiah,
begaga,
karan,
kunterik,
Gerosen,
Utiliti,
Afindi,
Paris,
Magai,
Kinchang,
tidak,
ngamatka,
semaya,
bomba,
pesisi,
ditegika,
BEJADI,
Sanusi,
Sempekat,
Bepilih,
NCR,
pansik,
nyerahka,
pengelicha,
bepelajar,
Pemereti,
Johnical,
Pengelicha,
aktivis,
Bawin,
gis,
diambi,
dituku,
sempekat,
Senentang,
nanya,
tanya,
disaut,
ditangkan,
kort,
dikenataika,
nyaman,
mansik,
ngenukuka,
Galau,
besangkut,
gempung,
ubah,
Uras,
ngamahka,
pantai,
uras,
kampung,
Tanjung,
pengamah,
Perengka,
Pengangkut,
dibuai,
anyut,
kamah,
Nama,
muai,
berumah,
ujan,
jereki,
nyura,
dipajakka,
dirintai,
ngelantangka,
Kerejasama,
Mengeri,
Beri,
singkang,
Ari,
atur,
ditinggang,
ngemataka,
digumpul,
dipunka,
pukul,
ditampung,
Suhaili,
Layar,
GERIJA,
Robert,
Lawson,
Chuat,
BETONG,
Peintah,
Gerija,
Sidang,
Injil,
Adonai,
Gerald,
Rentap,
Jabu,
Jugah,
Terima,
inklusif,
gerija,
Nengah,
muzik,
ngenang,
Stephen,
Ningkan,
nenagh,
Saribas,
Mohammad,
Razi,
Sitam,
nyereta,
pengentap,
PENGAWA,
BERIPAI,
Sekeda,
Nanaga,
tasah,
dituntung,
bedaulama,
PElilih,
Banchang,
ngelekatka,
beteduh,
meresika,
bekau,
teda,
dianjung,
Sabut,
Beserimbai,
Syafiq,
pengasih,
MADC,
Jampong,
Pemisi,
Benedine,
pechaya,
Sekula,
Primari,
peransang,
dikearap,
pengagit,
Empat,
Unyat,
Transformasyen,
setipak,
ngajar,
jemah,
semampai,
besekula,
aris,
pandai,
serea,
apai,
inda,
nemua,
senyata,
jeman,
PIBG,
TERIMA,
MIH,
penerima,
dipesan,
pulai,
Arbi,
bepengawa,
lebu,
Servis,
Pengari,
jali,
Majlis,
AManah,
Perbadanan,
Pendidikan,
bepesan,
