tentuka,
penyakal,
enda,
ngeruga,
projek,
pemansang,
ke,
pengelantang,
rayat,
borneo,
utama,
mei,
sarawak,
nasional,
iban,
ekonomi,
rencana,
hiburan,
tvub,
di,
          t              ,
berandau ,
benung,
berandau,
enggau,
rumah,
 kiba ,
sereta,
petrus ,
stolport,
 padang,
bilun,
jalai,
pandak ,
beungkus,
juta,
ulih,
dikinsil,
enti,
megai,
perintah,
nengeri,
tu ,
sapit,
kepala,
datuk,
douglas,
ba,
penerang,
iya,
kemari,
madahka,
chalun,
bisi,
ati,
deka,
bediri,
minta,
pilih,
bukit,
udah,
bejaku,
sentang,
nya,
licha,
sekeda,
panjai,
ditu ,
 tu,
entara,
chunto,
baka,
ni,
ngereja,
pengawa,
ti,
dikedeka,
sida ,
beguna,
kena,
sida,
nyadika,
numbangka,
pengari,
dichiri ,
 sida,
kebendar ,
ngemuntanka,
juluk,
mansang,
mua  ,
ku,
lebuh,
bejadika,
program,
komuniti,
opis,
betanam,
betupi,
 rh ,
anyut,
ditu,
kemari ,
agricop ,
diatu,
dipejalai,
selampur,
dikena,
ngerapitka,
kaul,
raban,
orang,
menua,
pesisir,
betupi ,
madah ,
ngembuan,
tanggungpengawa,
nyadi,
perengka,
pengangkut,
nganjung,
utai,
tanam,
ngagai,
timpuh,
pandak,
nyamin,
agi,
dikemendar,
abang,
tun,
perais,
pemadu,
manah,
ungkup,
kitai,
iya ,
tambah,
diguna,
sebagi,
ari,
sadok,
palan,
skala,
besai,
moden,
mantu,
ngenegapka,
pengeluar,
manggai,
taun,
 ba,
awak,
meri,
mensia,
mayuh,
ngangkatka,
tikas,
pengidup,
sida  ,
nambah ,
dipejalaika,
kandang,
tagit,
dekaka,
endur,
nya ,
empas,
semina,
dipeda,
bepilih,
nyau,
majak,
semak,
aja ,
datai,
ngiga,
nyadung,
jaku,
bula,
lalu,
lenyau,
pengudah,
petenah,
mujur  ,
gabungan,
seruran,
bejalaika,
belama,
laban,
besedia,
servis,
disemaya,
tu,
ukai,
mega,
ngelalau,
alai,
ngatur,
macham,
baruh,
duit,
turu,
numbuhka,
teknologi,
baru,
penguntung ,
agro,
ngumpul ,
mungkus,
ditagit  ,
nerang ,
ngemendarka,
sepenyampau,
ngaga,
futsal,
nyengkaum,
ngungkupka,
komiti,
pengelikun,
genturung,
pendiau,
bekaul,
sebedau,
pemesai,
betong ,
pesereta,
ngambi,
nanam,
lada,
chelum,
diatur,
direktor,
nengeri ,
sekretari,
dr,
rapu,
friday,
kategory,
suka,
km,
ngarapka,
psb,
bebaik,
polisi,
suah,
dikemeranka,
kenyau,
sa ati,
 supp ,
betapi,
penanggul,
beserekang,
penemu ,
pemaik,
bansa,
china ,
madah,
krisis,
ketuai,
ngujungka,
pambar,
raban ,
 bekaul,
yb,
sri,
soon,
 ensanus  ,
aku,
 ketuai,
 bn ,
pemutus,
patut,
diputarka,
belaya,
tauka,
charut,
parti ,
champur,
komponen ,
ditingkilka,
tang,
ditanka,
tetinggi,
mungkur,
penyerakup,
china,
perintah  ,
nengah,
berita,
kemari nimbal,
ensanus ,
taja,
pia,
johari ,
nyentuk,
maya,
niang,
adenan,
dikemendarka,
ngena,
bn ,
nyerakupka,
ngambika,
perintah ,
rejista,
 upp ,
ditumbuhka,
bn plus,
dikearapka,
bekerejasama,
 kebendar,
ngasuh,
upp ,
nukar,
nama,
 psb  ,
 lebuh,
nampung,
kededua,
bebaik  ,
sekalika,
enda ,
kaban,
nemu,
kereja,
siti,
tim,
 nuan,
negu,
siku ,
nuan,
dikereja,
belaban,
pengeran,
 bepelasarka,
psb ,
ngayanka,
nadai,
bemain,
empu,
ngelaban,
puas,
ati ,
 aku,
nyaup,
asil ,
ngelui,
nyerah,
pemutus  ,
mejah,
apin,
nyebut,
pengerami,
bejadi,
pesaka,
 pbb  di,
nyin,
nujuka,
betuaika,
kunsil,
bawang,
chairman,
kala,
reti,
luhong,
ngemegahka,
bulih,
gelar,
universe,
siku,
indu,
dara,
penatai,
mujur,
ngalahka,
bukai ,
beumur,
dipilih,
diakim,
pelakun direktor penerbit,
isaac ,
henry,
penengkebang,
carven,
kelimpah,
penuduk,
lumur,
dipenggi,
chong ,
ditangkanka,
chai,
verma ,
pekit,
pengujung,
dipanchar,
 online ,
laman,
web,
meli,
tikit ,
nisih,
renggat ,
mandangka,
malam ,
pekayan,
nyemerai,
nyaut,
timbal,
pematak,
randau ,
gawa,
dagang,
lumpur ,
intebiu,
begulai,
enggau ,
post,
apai,
asap ,
indai,
japok,
nyema,
betemu,
 idola ,
 dermawan ,
winfrey,
bini,
ex presiden,
syarikat ,
obama ,
buah,
runding,
bakani,
asai,
inspirasyen ,
meda,
televisyen ,
nyabak,
pengelebih,
nembiak,
tuchum,
pengaga,
sebilik ,
sekula,
patut ,
pengasai,
endang,
pemar,
dipandangka,
aku ,
dipadahka ,
nyelai,
penyelai,
nya  ,
chakah,
nagang,
nunu,
chara,
tebuka,
pemereti,
surat,
miri ,
sekumbang,
kemarau,
berengkah,
tadi,
diatu ,
rampa,
pampang,
penyedar,
mohamad,
matau,
ninting,
angus,
kelebih,
kerapa ,
 batang,
meresa,
nagang ,
ngansak,
tebuka ,
 pemesai,
nyuaka,
pemadah,
kimpin,
bekebun ,
belepa,
rekreasyen  ,
media ,
kilah,
ensana ,
nitih,
dilawa,
pekereja,
eastwood ,
semangka,
sawit,
  ,
baram,
tisi,
masjid ,
sebun,
asap,
nentuka,
angat,
rangkai ,
 taja,
pekereja ,
kerejasama,
ejensi,
 nyengkaum,
pengereja,
 nred  ,
pelilih,
penyelamat,
entali,
ai,
mineral,
 jmg  ,
volunteer,
nyeliah,
angin,
dijaga,
asap  ,
km ,
ditagang,
ngerembai,
bejaku ,
dbna ,
chimon,
upon,
bepalan,
pasal,
nerima,
penemu,
kelalu,
balat ,
idup,
likun ,
ekstrim ,
nyaga,
empu ,
beserakup ,
empu  ,
seraya,
arap,
bendar,
mansutka,
 gerempung,
dayak,
nambahka,
pemisi,
mai,
nuju,
chukup,
ngarap,
beserakup,
belakang,
nyukung,
ngamat,
nyungkak,
ngangkat,
 sarawak,
pengeransing,
penegap,
 enda,
pambar ,
awakka,
nyendiaka,
perengkaguna,
biak  ,
nitihku,
mekanisme,
sebaka,
asil,
bejual,
 sst ,
dipinta,
rengenyan,
labang,
ngetanka,
diuan,
jaku ,
pengelalu,
dilalau,
sitak,
 dun ,
tebal,
datai ,
mandal,
kanan,
jawong,
balas,
 kitai,
 bidayuh ,
tasik,
serembu ,
tebedu ,
 enti,
malas,
padi,
budi,
balas   ,
pelajar ,
pansik,
gerempung,
disuaka,
ik,
pahon,
joyik,
bala,
kebukai ,
berebak,
pengundi ,
milih,
beratka,
sapa,
chalun ,
 anang,
peda,
lambang ,
suba,
bidayuh  ,
melaba,
berindik,
abis,
bulan,
kemeranka,
ulah,
bebatak,
asur,
pupu,
tegap,
pemeri ,
wahab,
mua ,
kiba ,
chek,
generation,
kabo ,
ebedau,
udah ,
kalaka,
ngemeranka,
tegap ,
gaya,
nempa,
likun,
bebasaka,
bukai,
bemacham,
sukut ,
 endang,
diasai,
belama ,
pengarap ,
dikeirau,
mambarka,
ditempa,
kelia,
tu  ,
bedau,
tradisyen,
kitai ,
 rayat,
betuah,
pengarap,
islam ,
pangan,
nyata,
begelumu,
bemunsuh,
mih,
nitihka,
lalau,
patut  ,
nerang,
aram,
kaunsil,
kunsilor,
khairul,
ttug,
keterubah,
digaga,
kaul ,
seranta,
beguntin,
buk,
bebayar,
lemai,
pengintu,
pendiau lumba,
main,
sanyan,
ngenduh,
pendiau ,
indu ,
bilik,
tumu,
mit ,
setuju,
ngangkatmanah,
maksak ,
muat,
urung,
iku,
sesiti,
maya ,
bepelasarka,
penyampau,
ditemu,
meresi,
makai,
tinduk,
hari ,
muak,
siang,
siti ,
pansut,
aum,
ngaduka,
naka,
pengelengkas,
beoperasyen,
semak ,
dulu,
ngelimpangka,
ngabas,
peranak,
ngulihka,
pengerai,
mental,
peresa,
barang,
bekaul ,
operasyen,
dikuasa,
 ngo ,
dichiri,
pengatur,
 jppsb ,
fatimah ,
serakup,
pengasih,
xin,
ditukuka,
 anchor ,
 perintah,
ungkus,
nyemetak ,
ngulu,
merah,
lions,
junior,
international,
krt,
drive,
chinese,
conference ,
in,
lurus,
ila ,
merambu,
 ungkup,
tetiap,
ngasaika,
sepital,
mesti,
diangkatmanah,
lengkas,
berintai,
panjai ,
berubat,
berundingka,
pematut,
dedat,
sakit ,
 pkr ,
dikejampatka,
engkeman,
dibanding,
mutarka,
sakit,
bededat ,
tubuh,
nambah,
begunaka,
mantupka,
entigis,
besemak,
nejuka,
sekut,
diperatika  ,
sebengkah,
penedat,
penambah,
ngenyit,
staf,
bekereja,
langgur,
nangkir,
ngemesaika,
nganti,
lutur,
farmasi ,
peneleba,
empu bala,
gintir,
pengelama,
jam  ,
iya endang,
nyendia,
perubat,
lantang,
mayuh ,
belanja,
diberi,
ngemansangka,
engkami ,
 empat,
nasat ,
progresif,
king,
tiong ,
mata,
 tunai ,
diagih,
anang,
guna ,
tetemuka,
kakang,
 blacklist ,
 ukai,
tulung,
mih ,
tengah,
bisi ,
siew ,
temuai,
khas,
mekuh,
enggaika,
ditinda,
kunteriktor,
beripai,
 kebuah,
pia ,
diadu,
 nya,
alai ,
ngelalauka,
ngenataika,
peminta,
ngagihka,
enggai,
duit ,
diau,
likun  ,
ngasak,
bela,
 kena,
 kemari ,
 tang ,
bererenggat ,
renggat,
bukai  ,
teo ,
dicky,
jawa,
bebendar,
rayat ,
kelai,
pengelekai,
empai,
tekeruga,
atur,
pemindah,
 pkp  ,
tamin ,
ir,
christopher,
sambang ,
melanja,
bilion,
ditinggalka ,
nguji,
napi,
ketegal,
lama  ,
munyi,
 srdc  ,
diagihka,
menua ,
mekalka,
andalka,
gadung,
tegapka,
talukka,
ngibarka,
menira,
gemilang,
p    ,
tayan sg ,
sarikei,
enam ,
besejarah,
dikeingat,
dikeandalka,
tan,
ikom,
beterima,
kasih ,
tekeruga ,
 nyema,
penyerakup ,
ngemeratka,
diri  ,
 ku,
dibai,
 nadai,
kebuah,
ngatika,
kuing,
mansang  ,
senentang,
nerenakka,
pesisir ,
 sehari,
 kilah,
berasai,
temegah,
diayanka,
patriotism,
panjai  ,
besaup,
pengelikun ,
walk ,
beserimbai,
simanggang ,
temuai ,
seni,
sukung,
saup,
dikedekaka,
dijapai ,
ambika,
chunto ,
rat ,
mar,
ngemajuka,
belaya  ,
suarah,
simanggang,
digulu,
mahmud,
puan,
kurdi,
openg ,
nembiak ,
lumba,
tanggung,
ikas,
pemansang ,
ingat,
diasaika,
begaring,
penyakah,
suba ,
 mayuh,
jematan,
dipejalaika ,
alun,
meruan,
datai  ,
denggi,
diripotka,
niki,
pemeresi ,
poster,
dagang ,
disempulangka,
 ari,
dua ,
sempurai,
 srdc ,
ripot,
dirikodka,
julai,
nangi,
 berindik,
pemeresi,
aedes,
betelu ,
 bala,
ukum,
belalauka,
undang undang,
betelu,
dipenyadika,
ling,
ngarika,
mendam,
berumah,
antonio,
kahti,
galis ,
inting,
pemancha,
ganggang ,
bekuasa,
srdc,
standard,
mutuska,
rentayan,
rat,
dijaga ,
ngerampit,
ukui,
ditupi,
betuchuk,
jelu,
tupi,
dirampit,
penguna,
terit ,
disambung,
disember,
dikerandau,
pengarang,
bcck,
siong,
wei,
pentin,
mulaika,
pemanah,
madahka ,
ngelanjarka,
 senentang,
ambi,
bansa ,
mit,
 jwks ,
ditimpuhka,
tembu,
yassin,
perutusan,
ensanus,
nyambung,
mekanisma,
neruska,
berampit ,
protokol,
dititihka ,
perambu,
sayang,
 bkss ,
dipejalai ,
bkss,
disember ,
 bkss,
 sebedau,
mayar,
tiap,
 kir ,
insentif,
dibayar,
jun ,
bujang,
disempulang,
pengajar,
injinir,
rama,
ngerami ,
mat,
kiba  ,
melah,
kek,
ngemunka,
dipadahka,
pengelandik,
manah ,
 berguru,
demi,
bina,
baru  ,
ngadaka,
rebak,
seriris,
disempamaka,
dian,
penampak,
penguji,
diajar,
ari ,
ditapi,
mar  ,
pemujur,
 dalam,
nyapai,
 pemujur,
nyulut,
ngerikodka,
lis,
 pia,
mega ,
mantaika,
penyulut,
pamadu,
nyingkang,
ngelangkar,
penyulut  ,
ngintu,
rambai,
 malaysia,
prihatin ,
 reti,
leka,
 prihatin ,
igi,
sukut,
hee,
canselor,
universiti,
 ucts ,
madya,
ali ,
dsp,
bahar ,
temenggong,
lau,
gramong ,
manred,
ngelakuka,
jakaria,
lubuk,
segantang ,
moden tanah,
 manred ,
ngerembaika,
bumai,
berikan,
ismail,
mandahka,
besai ,
bedagangka,
eggau,
taun ,
 opis,
bedagang ,
bedagang  ,
community,
programme,
sigantang ,
 pemansang ,
penghulu,
bakar,
majit ,
jus ,
rega,
agi ,
aja,
nyiur ,
rian,
dikemeratka,
cppc ,
mungkus ,
stesyen,
ngeproses,
madu ,
nyiur  ,
bererenggat,
alision,
dikemataka,
dipebasa,
bengkah,
negapka,
nerangka,
dibantaika,
agong ,
nirika,
begunan,
joharimega,
gempung,
 forum  ,
kediri,
kedayan,
miriek,
dayak ,
graduet,
hasan ,
dipebasaka,
dipelaba,
ngenanka,
diasapit,
speaker,
gerawat,
 baka,
temu,
 deka,
krian ,
pengeraja,
asal ,
dimenang,
tikit,
pdp ,
manggil,
nyemilik,
 bersatu  patut,
 situasyen,
menang menang ,
ngelengkaka,
 anti,
bepilih nengeri ,
enda  ,
dikelala,
ke    gps,
mengkang,
 pbb  parti,
 prs   ,
iti ,
direrak,
ting,
nyeruri,
jelatung,
ringgil,
 mua ,
diseruri ,
repuk,
diseruri,
mujur ,
 jelatung,
penusah,
nuntung,
jai,
ditengah,
nurun,
nginti,
 pengudah,
betaun,
dikena ,
repuk ,
semanjai,
dikeibuhka ,
sebuat,
ngemanahka,
gaga,
dikeibuhka,
diputarka ,
penembu,
tama,
ngira ,
dini,
penyambung,
bepolitik  ,
didinga,
mereti,
silik,
pagila,
biak,
diperansang,
ngaul,
ngelawa ,
su,
farm ,
 saberkas ,
meransang,
kemaya,
penyereta,
kurang ,
 nyadi,
disediaka ,
matak,
betupi  ,
serian,
dikemansang,
 diatu,
penemuai,
internet,
 iot ,
fertigasyen ,
ngepunka,
ngelawa,
sibau ,
temedak,
lensat ,
narit,
nupi,
empurau,
dikumbai,
mar ,
nangkanka,
agritech,
bhd,
sindang,
dilanjar,
pengerai ,
diketu,
dilanjarka,
neritka,
ngelandaika,
graf,
iti,
landai ,
penurun,
menua  ,
akademi,
pedis,
 pansik,
pengitung,
 gerai,
selama ,
pemansut,
 kdnk  ,
dipelabaka,
penurun  ,
suruhanjaya,
manusia,
 menua,
nanggung,
 tagang,
penuh ,
diketuka ,
dianggarka,
rugi,
pkp  ,
minggu ,
adham,
baba ,
pelaba,
sedunya ,
ngelancharka,
ngemeran,
 norma ,
kkm,
situasyen,
tepulai,
kiruh,
negap,
penama,
manah  ,
berita ,
 perkeso,
felda,
diteritka,
diterit,
nyilih,
penetap,
pengelunggar,
besesehari,
ngasika,
nyauka,
berenggat,
komersial,
dikemendarka ,
indoor,
masu,
dobi ,
rekreasyen,
pegung,
ngabas ,
sikie,
 sesi,
urus ,
ado,
bekal,
elekterik,
punan ,
tatau ,
bumiputera ,
tayai,
mengeri ,
achun ,
samarakan ,
enjan ,
blue ,
bungkur,
elekterik  ,
pengelanchar,
ditetapka ,
 sares ,
anap ,
pegai,
pemun,
jeffery,
kiah,
juta  ,
begaga,
tali,
karan,
kunterik,
 seb ,
angus ,
dian ,
jubin ,
heriwan,
seb,
paris ,
magai,
kinchang ,
             angela ngansak zuraida ngamatka semaya deka ngaga     balai bomba di menua pesisi ,
ditegika,
manifesto,
bejadi ,
muhammad,
sanusi,
sempekat,
 ncr  ,
nyerahka,
pengelicha,
bepelajar,
happy,
dinner ,
square,
lo ,
johnical,
rayong ,
see,
how,
patriot,
 spa ,
aktivis,
bawin ,
gis,
diambi,
dituku,
ditetapka,
nanya,
disaut,
ditangkan,
kort ,
saut,
dikenataika,
nyaman,
nyadi ,
kort,
nyemetak,
mansik,
ngenukuka,
galau ,
besangkut,
paut,
gempung ,
ubah,
uras,
ngamahka,
pantai,
usman,
tanjung,
kebendar,
pengamah,
bepun,
pengangkut ,
shin ,
dibuai,
kamah ,
kamah,
marina ,
muai,
nadai ,
ujan ,
lee ,
bot ,
batu ,
uras ,
jereki ,
penerang ,
peranak ,
nyura,
dipajakka,
dirintai,
mengeri,
ngelantangka,
 beri,
singkang,
diambi  ,
undang undang ,
terit,
ditinggang,
ngemataka,
kg,
digumpul,
ngumpul,
pagi,
dipunka,
pukul,
mbm,
ditampung,
murni,
suleiman ,
layar,
gerija,
robert,
lawson,
chuat,
peintah,
injil,
 sib ,
adonai,
gerald,
rentap,
jabu,
sib,
jugah,
 terima,
inklusif,
kami ,
 nengah,
muzik,
semua  ,
ngenang,
stephen,
kalong,
ningkan,
nenagh,
 kelimpah,
gerija  ,
saribas,
mohammad,
razi,
sitam,
rapu ,
nyereta,
pengentap,
beripai ,
nanaga,
tasah,
dituntung,
bedaulama,
naga,
banchang ,
ngelekatka,
dinding,
beteduh,
meresika,
bekau,
teda,
angus  ,
dianjung,
uniform,
sabut,
ppjkr,
fadzil,
area,
committee ,
belayong,
dewan ,
benedine ,
pechaya,
primari,
licha ,
peransang,
 ke,
dikearap,
pengagit,
patric,
transformasyen,
setipak,
ngajar,
jemah,
pechaya ,
semampai,
meruan ,
 pelajar,
besekula,
aris,
pandai,
serea,
inda,
nemua,
senyata,
jeman,
mandela,
is,
powerful,
which,
use,
change,
pibg  ,
penerima,
dipesan,
pulai,
arbi,
dijapai,
rebak ,
bepengawa,
lebu,
meri ,
jali,
digaga ,
amanah,
perbadanan,
 ptptn  ,
bepesan,
